node_id,label,type,trunk_id,parent_candidate,date_start,date_end,date_precision,creation_event_type,region,description,core_idea,pioneers,representative_works,institutional_markers,source_ids,confidence,evidence_type,controversies,pioneer_ids,enabling_breakthrough_ids,transforming_breakthrough_ids,critical_works,critical_instruments
T3_ANC_001,Ionian Natural Inquiry,knowledge_tradition,3,,-600,-400,century,first_problem_tradition,Greek,"Investigation of material principles (archai) underlying natural phenomena, initiated by Milesian thinkers who sought non-mythological explanations for the cosmos and natural change.",All natural phenomena have underlying material causes that can be identified and reasoned about without recourse to mythological explanation.,"Thales, Anaximander, Anaximenes, Heraclitus, Hippocrates",Testimonia of Thales; On Nature (Anaximander); On Nature (Anaximenes); On Nature (Heraclitus); Hippocratic Corpus,,"SRC_001, SRC_002, SRC_006, SRC_018",A,E2,"All Milesian texts survive only as fragmentary quotations and testimonia in later authors; exact wording and extent of original arguments uncertain. The term 'Ionian school' is a modern historiographic convenience, not an ancient self-designation.","PION_001, PION_002, PION_003, PION_004, PION_010","BRKTH_001, BRKTH_002",,"Testimonia of Thales (via Aristotle); On Nature (Anaximander, fragment); On the Sacred Disease (Hippocratic Corpus)",
T3_ANC_002,Pluralist Material Theory,knowledge_tradition,3,T3_ANC_001,-500,-400,century,conceptual_breakthrough,Greek,"Theories positing multiple fundamental substances or elements as constituents of all matter, including the four-element theory and infinite seed theories, developed in response to Eleatic challenges to Ionian monism.",Matter is irreducibly plural at the fundamental level; all apparent change is mixing and separation of permanent elemental constituents.,"Empedocles, Anaxagoras, Parmenides (stimulus)","On Nature (Empedocles, fragments); On Nature (Anaxagoras, fragments); On Nature (Parmenides, Way of Truth)",,"SRC_001, SRC_002, SRC_006, SRC_010",A,E2,"Parmenides' role is ambiguous: his denial of change was a challenge to natural philosophy, not a natural philosophy itself. His inclusion here is as the logical stimulus for pluralist responses rather than as a pluralist.","PION_005, PION_006, PION_007","BRKTH_001, BRKTH_002, BRKTH_015",,"On Nature (Empedocles fragments, DK 31); On Nature (Anaxagoras fragments, DK 59)",
T3_ANC_003,Greek Atomism,knowledge_tradition,3,T3_ANC_002,-460,-270,century,conceptual_breakthrough,Greek,"Theory that all matter consists of indivisible particles (atomoi) moving in void space, with macroscopic properties emerging from atomic combinations; later extended by Epicurus and transmitted to Rome by Lucretius.","Reality consists only of atoms (indivisible, imperceptible particles) and void; all observable properties are conventional, arising from atomic shape, arrangement, and motion.","Leucippus, Democritus, Epicurus, Lucretius","Great World-System (Leucippus/Democritus, lost); On Nature (Epicurus, fragmentary); De Rerum Natura (Lucretius)","Epicurean Garden (Athens, c. 306 BCE)","SRC_031, SRC_010, SRC_002",A,"E2, E3",Leucippus's existence was doubted by Epicurus himself; almost all Democritean and Leucippean works are lost; our knowledge depends primarily on Aristotle's critical summaries and Diogenes Laertius.,"PION_008, PION_009, PION_011","BRKTH_001, BRKTH_003, BRKTH_015",,De Rerum Natura (Lucretius); fragments of Democritus (DK 68); Epicurus Letter to Herodotus,
T3_ANC_004,Peripatetic Natural Philosophy,knowledge_tradition,3,T3_ANC_001,-350,-200,century,conceptual_breakthrough,"Greek, Hellenistic","Aristotle's systematic investigation of nature emphasising empirical observation, causal analysis, teleological explanation, and classification, institutionalised at the Lyceum and continued by Theophrastus and Strato.","Natural things have inherent natures (physis) that determine their characteristic behaviour and goals; complete explanation requires identifying all four causes — material, formal, efficient, and final.","Aristotle, Theophrastus, Strato of Lampsacus",Physics; History of Animals; On the Soul; Parts of Animals; Meteorologica (Aristotle); Historia Plantarum (Theophrastus),"Lyceum (Athens, founded c. 335 BCE)","SRC_006, SRC_018, SRC_023, SRC_024",A,"E1, E2","Aristotle's 'teleology' is disputed: some scholars argue it is an immanent naturalistic teleology, not an external design; his rejection of atomism dominated Western thought but is now considered wrong for physics. Label 'Peripatetic' (from peripatos, covered walkway) is an ancient name. Attribution gap: the Peripatetic tradition extended beyond Aristotle and Theophrastus, but later figures (Strato, Andronicus) are outside the core period or associated with different roles; historical record for later Peripatetics is thin.","PION_012, PION_013","BRKTH_001, BRKTH_007",BRKTH_009,Physics (Aristotle); History of Animals (Aristotle); Historia Plantarum (Theophrastus),
T3_ANC_005,Alexandrian Mathematical Sciences,knowledge_tradition,3,T3_ANC_004,-300,-100,century,institutionalized_field,Hellenistic,"Systematic mathematical investigation of geometry, astronomy, mechanics, and optics centred at Alexandria's Museum and Library; distinguished by application of rigorous proof methods to natural phenomena and by quantitative measurement.",Natural phenomena are susceptible to precise mathematical description and measurement; geometry is the language in which nature's quantitative relationships are expressed.,"Euclid, Archimedes, Eratosthenes, Aristarchus, Apollonius, Hipparchus",Elements (Euclid); On Floating Bodies (Archimedes); On the Sizes and Distances of the Sun and Moon (Aristarchus); Conics (Apollonius),Museum of Alexandria (c. 295 BCE); Library of Alexandria (c. 295 BCE),"SRC_015, SRC_016",A,E2,The extent to which Alexandria represented a unified 'school' versus a location where independent scholars worked is debated; the Library's destruction date and circumstances are disputed.,"PION_014, PION_015, PION_016, PION_017, PION_018, PION_019","BRKTH_004, BRKTH_009, BRKTH_010",BRKTH_012,Elements (Euclid); On Floating Bodies (Archimedes); Conics (Apollonius),Armillary sphere; gnomon; water clock (clepsydra); astrolabe
T3_ANC_006,Mohist Investigation,knowledge_tradition,3,,-470,-221,century,first_problem_tradition,Chinese,"Systematic study of optics, mechanics, logic, and physical definitions developed by followers of Mozi, including documented experimental observations of optical phenomena and geometric analysis of mechanical concepts.",Natural phenomena including optics and mechanics can be systematically investigated through careful observation and precise logical definition; practical utility is the measure of good knowledge.,"Mozi, Later Mohist authors, Hui Shi, Gongsun Long",Mozi — Canons A and B (optical and mechanical sections); Explanations,"Mohist communities (c. 470-221 BCE, Warring States period)","SRC_011, SRC_003, SRC_027",A,"E1, E2",The Canons sections of the Mozi are notoriously difficult; the text is partially corrupt and interpretation is contested. It is uncertain how many authors contributed to these sections or over what time period.,"PION_020, PION_021, PION_024, PION_025","BRKTH_011, BRKTH_015",,Mozi — Canons A and B; Mozi — Explanations,
T3_ANC_007,Yin-Yang and Five Phases School,knowledge_tradition,3,,-350,-100,century,first_problem_tradition,Chinese,"Systematic cosmological framework explaining all natural change through complementary principles (yin/yang) and cyclic transformations of five elemental phases; applied to astronomy, medicine, agriculture, and statecraft.","All natural change is the interplay of yin and yang and the succession of five elemental phases; these patterns repeat in cosmic, biological, and social domains.","Zou Yan, Xunzi, Bian Que, Zhang Heng",Works of Zou Yan (lost); Huangdi Neijing (Yellow Emperor's Inner Canon); Lüshi Chunqiu; Huainanzi,"Jixia Academy (Qi state, c. 318-221 BCE)","SRC_003, SRC_008, SRC_017",B,E2,Zou Yan's works are entirely lost; his views are reconstructed from Shiji and secondary sources. The dating of the Huangdi Neijing is disputed (300-100 BCE range). The Jixia Academy's exact institutional character is uncertain.,"PION_022, PION_023, PION_026, PION_028",BRKTH_005,,Huangdi Neijing (Yellow Emperor's Inner Canon); Lüshi Chunqiu; Huainanzi,Gnomon (rigui) for shadow measurement; armillary sphere (later)
T3_ANC_008,Daoist Natural Observation,knowledge_tradition,3,,-400,200,century,first_problem_tradition,Chinese,"Emphasis on careful observation of natural patterns, spontaneous processes (ziran), and transformation; later incorporated proto-alchemical experimentation with minerals and substances.","Nature operates spontaneously according to inherent patterns (dao); the investigator's task is to observe without imposing artificial categories, following natural processes rather than directing them.","Zhuangzi, Daoist alchemist-observers",Zhuangzi (Inner Chapters); Huainanzi; Daoist alchemical texts,,"SRC_003, SRC_008",B,E2,'Daoist natural observation' is partly a modern historiographic construct; ancient Daoists did not constitute a unified school of natural investigation. Proto-alchemical activities are documented but poorly attributed to named individuals. Attribution gap: Daoist natural observation was largely a collective and anonymous tradition; specific named practitioners of proto-alchemical investigation before 200 CE are poorly documented in surviving sources.,PION_027,BRKTH_005,,Zhuangzi (Inner Chapters); Huainanzi,
T3_ANC_009,Vaiśeṣika Atomism,knowledge_tradition,3,,-600,200,era,first_problem_tradition,Indian,"Systematic investigation of reality through ontological categories (padārthas) including an atomic theory of matter composed of element-specific indivisible particles (paramāṇu) of earth, water, fire, and air.",Material reality is ultimately composed of four kinds of atoms corresponding to the four elements; all perceptible objects are aggregates of atoms combined through dyadic and triadic stages.,"Kaṇāda, Praśastapāda",Vaiśeṣika Sūtra (Kaṇāda); Padārthadharmasaṅgraha (Praśastapāda),,"SRC_004, SRC_014, SRC_031, SRC_028",C,"E1, E2, E3",Dating of Vaiśeṣika Sūtra is highly contested; scholarly estimates range from 600 BCE to 200 CE. Kaṇāda may be a legendary or composite figure rather than a historical individual. Exact relationship between Vaiśeṣika and early Buddhist atomism (priority question) is unresolved. Attribution gap: the Vaiśeṣika tradition between Kaṇāda and Praśastapāda (several centuries) is poorly documented; intermediate commentators' names are not preserved in surviving sources.,"PION_029, PION_031","BRKTH_003, BRKTH_006",,Vaiśeṣika Sūtra; Padārthadharmasaṅgraha,
T3_ANC_010,Nyāya Logic and Natural Inquiry,knowledge_tradition,3,T3_ANC_009,-400,200,era,first_problem_tradition,Indian,"Investigation of valid means of knowledge (pramāṇas) applied to understanding the natural world; development of formal inference methods, debate rules, and error theory; later merged with Vaiśeṣika atomism into Nyāya-Vaiśeṣika synthesis.","Reliable knowledge of the natural world requires rigorous examination of the sources of knowledge (perception, inference, comparison, testimony) and their proper application.","Gautama (Akṣapāda), Vātsyāyana",Nyāya Sūtra (Gautama); Nyāya Bhāṣya (Vātsyāyana),,"SRC_009, SRC_004",C,E2,"Dating of Nyāya Sūtra is debated (400 BCE-200 CE); the historical Gautama is largely legendary. Vātsyāyana's commentary (Nyāya Bhāṣya) is dated c. 450 CE, outside core period. Attribution gap: Nyāya tradition before Vātsyāyana's commentary (c. 450 CE) is essentially anonymous; the sūtras are attributed to Gautama but intermediate systematic contributors are unnamed in surviving evidence.",PION_030,"BRKTH_006, BRKTH_008",,"Nyāya Sūtra; Nyāya Bhāṣya (Vātsyāyana, slightly later)",
T3_ANC_011,Buddhist Phenomenological Atomism,knowledge_tradition,3,,-200,400,century,conceptual_breakthrough,Indian,Analysis of momentary micro-events (dharmas) and material atoms emphasising transience; developed a phenomenological approach to material reality integrating temporal atomism (momentariness of events) with spatial atomism.,Material reality consists of momentary atomic events (dharmas) that arise and cease; atoms are both spatial minima and temporal minima; perceptible objects are conventional aggregates.,"Dharmaśrī, Vasubandhu, Saṅghabhadra, Dharmakīrti",Abhidharma texts; Abhidharmakośabhāṣya (Vasubandhu); Nyāyānusāra (Saṅghabhadra),"Buddhist monastic universities (Nālandā, c. 5th century CE and earlier)","SRC_005, SRC_013",B,E2,"Buddhist atomism developed over a long period; attributing specific innovations to specific authors is difficult. Vasubandhu later critiqued atomism (Viṃśatikā), complicating his classification here. Dharmakīrti is slightly outside the core period.","PION_032, PION_033, PION_034, PION_035","BRKTH_003, BRKTH_008",,Abhidharmakośabhāṣya (Vasubandhu); Nyāyānusāra (Saṅghabhadra); Pramāṇavārttika (Dharmakīrti),
T3_ANC_012,Jaina Atomism and Material Theory,knowledge_tradition,3,,-500,200,era,first_problem_tradition,Indian,Theory of pudgala (matter) composed of homogenous indivisible atoms (paramāṇu) forming aggregates through fusion and fission; distinct from Vaiśeṣika element-specific atomism by positing a single type of matter.,Matter (pudgala) is one homogenous substance at the atomic level; atoms combine into aggregates through natural processes of fusion (pud) and fission (gala); karma is a material substance attaching to the soul.,"Umāsvāti, early Jaina ācāryas",Tattvārtha Sūtra (Umāsvāti); Jaina Āgama texts,Jaina monastic communities,"SRC_004, SRC_031, SRC_019",C,"E2, E3",Dating of Tattvārtha Sūtra and Umāsvāti is highly debated (2nd-5th century CE); the text is claimed by both Śvetāmbara and Digambara sects with different recensions. Earlier Jaina atomism is attributed to Mahāvīra (c. 599-527 BCE) but evidence for systematic atomic theory that early is uncertain. Attribution gap: earlier Jaina ācāryas who developed atomism before Umāsvāti are unnamed in surviving evidence; the tradition is attributed collectively to Mahāvīra but individual contributors are not documented.,PION_036,"BRKTH_003, BRKTH_006",,Tattvārtha Sūtra (Umāsvāti); Jaina Āgama texts (dates uncertain),
T3_ANC_013,Roman Natural History,knowledge_tradition,3,T3_ANC_004,-50,200,century,first_problem_tradition,"Greek, Hellenistic","Encyclopedic compilation and practical investigation of animals, plants, minerals, and natural phenomena in the Roman world; emphasised systematic organisation, observation of utility, and preservation of Greek learning in Latin.","Knowledge of natural phenomena should be systematically compiled, organised, and made accessible; natural things have practical uses discoverable through observation.","Varro, Lucretius, Pliny the Elder, Galen",Rerum Rusticarum (Varro); De Rerum Natura (Lucretius); Naturalis Historia (Pliny); On the Natural Faculties (Galen),Imperial patronage (Galen as imperial physician); libraries of Rome,"SRC_012, SRC_029",B,E2,"'Roman natural history' is largely compilatory rather than innovative; labelling it a separate 'tradition' reflects the Latin cultural context rather than novel methods. Galen's nationality is Greek; his inclusion reflects his work within the Roman imperial context. The region field uses 'Greek, Hellenistic' because Roman natural history was overwhelmingly conducted in the Greek intellectual tradition.","PION_037, PION_038, PION_039, PION_040","BRKTH_013, BRKTH_014",,Naturalis Historia (Pliny); De Rerum Natura (Lucretius); On Anatomical Procedures (Galen),"Medical instruments (probes, forceps); anatomical specimens"
T3_MED_001,Islamic Systematic Alchemy,knowledge_tradition,3,"T3_ANC_001, T3_ANC_013",700,1300,century,institutionalized_field,Islamic,"Transformation of Hellenistic alchemy through systematic experimentation, quantitative approaches, and separation of practical chemistry from mystical elements. Developed new apparatus, discovered mineral acids, systematised distillation and crystallisation procedures. Emerged through Arabic translations of Syriac and Greek alchemical texts.",Systematic experimental chemistry with quantitative measurement distinguishes Islamic alchemy from Hellenistic precedents; classification of substances and reproducible procedures replace symbolic-mystical operations,"Khalid ibn Yazid, Jabir ibn Hayyan, Abu Bakr al-Razi, Ibn Sina","Jabirian corpus (Kitab al-Kimya), Al-Razi Kitab al-Asrar, Al-Razi Al-Hawi","House of Wisdom (Baghdad), court laboratories, hospital pharmacies (bimaristan)","SRC_036, SRC_037, SRC_053",A,E2,Jabirian corpus authenticity debated; authorship spread across 8th-10th centuries; some attributed mineral acid preparations may postdate the attributed authors,"PION_041, PION_042, PION_045, PION_048","BRKTH_020, BRKTH_021, BRKTH_029",BRKTH_028,"Jabirian corpus, Kitab al-Asrar (Al-Razi), Al-Hawi (Al-Razi)","Alembic (al-anbiq), athanor furnace, crystallisation vessels, distillation apparatus"
T3_MED_002,Islamic Optics and Experimental Method,knowledge_tradition,3,"T3_ANC_005, T3_ANC_004",965,1040,decade,conceptual_breakthrough,Islamic,"Revolutionary development of experimental optics by Ibn al-Haytham establishing vision as intromission (light enters eye), systematic investigation of reflection and refraction, camera obscura analysis. Most significantly: establishment of rigorous experimental method with controlled testing, repeatability, and mathematical verification as the foundation of optics.",Optics transformed from geometric-philosophical discipline into experimental physics; experimental method with controlled testing and repeatability established as standard; intromission replaces ancient extramission theory,"Ibn al-Haytham (Alhazen), Ibn Sahl","Kitab al-Manazir (Book of Optics), On Burning Mirrors and Lenses (Ibn Sahl)","Cairo under Fatimid patronage, Basran scholarly networks","SRC_034, SRC_046",A,E2,Ibn al-Haytham's house arrest story may be legendary; his complete works (90+) still incompletely studied; attribution gap — Islamic experimental optics was essentially defined by two pioneers (Ibn al-Haytham and Ibn Sahl); the field was not a broad community enterprise but a single scholar's revolutionary programme,"PION_050, PION_056",BRKTH_019,,"Kitab al-Manazir (Book of Optics, 7 volumes)","Camera obscura, glass spheres, polished mirrors, measuring instruments"
T3_MED_003,Islamic Medical Systematization,knowledge_tradition,3,"T3_ANC_001, T3_ANC_013",850,1037,century,institutionalized_field,Islamic,"Comprehensive systematisation of medical knowledge combining Greek (Galenic and Hippocratic), Persian, and Indian medical traditions. Development of clinical observation protocols, hospital medicine (bimaristan), pharmaceutical compounding, medical education systems. Critical evaluation of ancient authorities alongside systematic accumulation of clinical experience.","Medical knowledge encyclopaedically organised, clinically tested in hospital settings, and critically evaluated; integration of pharmaceutical chemistry from alchemy distinguishes Islamic from ancient medicine","Abu Bakr al-Razi, Ibn Sina, Al-Zahrawi, Hunayn ibn Ishaq","Al-Qanun fi al-Tibb (Ibn Sina), Al-Hawi (Al-Razi), Al-Tasrif (Al-Zahrawi)","Bimaristan hospitals (Baghdad, Cairo, Cordoba), royal medical schools, court physicians","SRC_051, SRC_033",A,E2,Ibn Sina's Canon retained Galenic errors that Islamic clinical practice had already corrected; canonisation of text may have slowed subsequent innovation,"PION_043, PION_045, PION_048, PION_051","BRKTH_021, BRKTH_022, BRKTH_035",,"Al-Qanun fi al-Tibb (Ibn Sina), Al-Hawi (Al-Razi), Al-Tasrif (Al-Zahrawi)","Surgical instruments (200+ types, Al-Zahrawi), pharmaceutical apparatus, clinical record books"
T3_MED_004,Islamic Mathematical Sciences,knowledge_tradition,3,T3_ANC_005,780,1250,century,named_field,Islamic,"Development of algebra as systematic discipline, trigonometric functions, decimal system refinement, astronomical mathematics. Built synthetically on Greek, Indian, and Babylonian mathematical traditions while adding original contributions including algorithmic procedures and polynomial algebra.",Algebra separated from geometry as independent discipline; algorithmic procedures represent new category of mathematical thinking beyond proof-based Greek geometry; synthesis of multiple ancient traditions produces new mathematical capabilities,"Al-Khwarizmi, Al-Karaji, Omar Khayyam, Nasir al-Din al-Tusi, Thabit ibn Qurra","Hisab al-jabr w'al-muqabala (Al-Khwarizmi), Al-Fakhri (Al-Karaji), Algebra (Omar Khayyam)","House of Wisdom (Baghdad), Cordoba scholarly centres, Samarkand academy","SRC_035, SRC_049",A,E2,Exact nature of Indian algebraic influence on Al-Khwarizmi debated; some techniques may have been independently derived,"PION_052, PION_055, PION_057, PION_054, PION_058","BRKTH_021, BRKTH_026",,"Hisab al-jabr w'al-muqabala, Zij al-Sindhind (Al-Khwarizmi), Al-Fakhri (Al-Karaji)","Calculation boards, astronomical tables, surveying instruments"
T3_MED_005,Islamic Astronomical Observation,knowledge_tradition,3,T3_ANC_005,800,1450,century,institutionalized_field,Islamic,"Systematic astronomical observation programmes with purpose-built observatories, improved instruments, planetary theory development. Critical evaluation and correction of Ptolemaic astronomy through decades-long observational campaigns at Baghdad, Maragha, Samarkand, Cairo, and Damascus.",Systematic multi-decade observational programmes with institutional support and improved instruments allow correction of Ptolemaic parameters; Tusi couple and related innovations address physical implausibilities in Ptolemaic equant model,"Al-Battani, Ibn Yunus, Al-Biruni, Nasir al-Din al-Tusi, Ulugh Beg, Al-Zarqali","Zij al-Sabi (Al-Battani), Zij-i Ilkhani (Al-Tusi), Zij-i-Sultani (Ulugh Beg), Toledan Tables","Maragha Observatory (1259), Samarkand Observatory (1420), Baghdad observatory, Cairo observatory","SRC_039, SRC_047",A,E2,"Extent of Maragha school influence on Copernicus debated; some historians see direct borrowing, others see independent parallel development","PION_047, PION_059, PION_049, PION_054, PION_062, PION_060","BRKTH_021, BRKTH_025, BRKTH_033",,"Zij al-Sabi, Zij-i Ilkhani, Zij-i-Sultani, Toledan Tables","Mural sextant (40m, Samarkand), astrolabe, armillary sphere, quadrant, parallactic ruler"
T3_MED_006,Islamic Natural Philosophy (Falsafa),knowledge_tradition,3,T3_ANC_004,800,1200,century,named_field,Islamic,"Islamic philosophical engagement with Greek natural philosophy, particularly Aristotelianism and Neoplatonism. Development of systematic metaphysics integrating with Islamic theology. Creation of Arabic philosophical vocabulary and systematic natural philosophy within Islamic intellectual framework.",Aristotelian philosophy systematically adapted to Islamic theological framework; falsafa tradition maintains rational natural philosophy while debating its compatibility with revelation; Ibn Rushd commentaries become definitive interpretation for Latin West,"Al-Kindi, Al-Farabi, Ibn Sina, Ibn Rushd","Opinions of the Inhabitants of the Virtuous City (Al-Farabi), Kitab al-Shifa (Ibn Sina), Commentaries on Aristotle (Ibn Rushd)","House of Wisdom (Baghdad), Cordoba scholarly courts, Almohad academies","SRC_033, SRC_039",B,E2,Tension between Aristotelian philosophy and Islamic theology culminated in Al-Ghazali's Incoherence of the Philosophers (1095); Ibn Rushd's defence failed to prevent eventual decline of falsafa in Islamic world while his commentaries triumphed in Europe,"PION_044, PION_046, PION_048, PION_053",BRKTH_021,,"Al-Shifa (Ibn Sina), Commentaries on Aristotle (Ibn Rushd), On First Philosophy (Al-Kindi)",
T3_MED_007,Song Dynasty Material Investigation,knowledge_tradition,3,"T3_ANC_007, T3_ANC_008",960,1279,century,institutionalized_field,Chinese,"Systematic investigation of materials, natural phenomena, and technological processes during China's Song Dynasty. Emphasis on practical applications, detailed observation, encyclopaedic compilation. Independent parallel development to Islamic and European traditions with distinctive Chinese empirical style integrating cosmological framework.",Neo-Confucian li-qi framework provides theoretical basis for systematic investigation of material phenomena; empirical observation systematically recorded across disciplines from geology to forensics,"Shen Kuo, Su Song, Song Ci, Guo Shoujing","Mengxi Bitan (Shen Kuo), Xi Yuan Ji Lu (Song Ci), Xin Yi Xiang Fa Yao (Su Song)","Song imperial administration, civil examination system producing literate investigators, Song technological industries","SRC_041, SRC_042",A,E2,Song Chinese science developed in isolation from Islamic-European exchanges; parallel achievements in different theoretical frameworks make comparison difficult,"PION_063, PION_065, PION_066, PION_067",BRKTH_027,,"Mengxi Bitan (Dream Pool Essays, Shen Kuo 1088), Xi Yuan Ji Lu (Song Ci 1247)","Armillary clock (Su Song), gnomon, measurement instruments"
T3_MED_008,Chinese Technological Innovation (Song/Yuan),knowledge_tradition,3,T3_ANC_008,960,1368,century,conceptual_breakthrough,Chinese,"Major technological breakthroughs in printing, gunpowder, metallurgy, ceramics, and navigation. Practical material investigations often ahead of theoretical understanding. Pattern distinctively Chinese: technology drove theory rather than vice versa in contrast to contemporary Islamic mathematical science.",Song-Yuan China achieved cluster of fundamental technological breakthroughs through systematic application of craft knowledge and Daoist alchemical experimentation; practical achievement systematically documented enables diffusion,"Bi Sheng, Shen Kuo, Su Song, anonymous craftsmen and engineers","Wujing Zongyao (military technology), Mengxi Bitan (description of movable type, compass)","Song imperial workshops, military engineering bureaus, commercial craft guilds","SRC_041, SRC_042",B,E2,Many breakthrough inventors anonymous; dates of specific discoveries uncertain within century-scale ranges; some Chinese priority claims contested; attribution gap — most Chinese technological inventors are anonymous craftspeople; Bi Sheng and Shen Kuo are the only named individuals in surviving sources for this cluster of innovations,"PION_064, PION_063","BRKTH_030, BRKTH_031, BRKTH_032, BRKTH_034",,"Wujing Zongyao (1044), Mengxi Bitan (1088)","Movable type apparatus, gunpowder weapons (fire arrows, bombs), magnetic compass, water-powered clock"
T3_MED_009,European Scholastic Natural Philosophy,knowledge_tradition,3,"T3_ANC_004, T3_MED_006",1200,1500,century,institutionalized_field,European,"Systematic study of Aristotelian natural philosophy within Christian theological framework at universities. Development of university-based natural philosophy curriculum, logical analysis of motion and change, foundations for mechanical philosophy. Received Aristotelian corpus through Arabic-Latin translations along with Islamic commentaries.",University institutional framework enables systematic accumulation of natural philosophical knowledge; Aristotelian corpus integrated with Christian theology produces distinctive scholastic tradition; logical disputation method systematises philosophical inquiry,"Albertus Magnus, Thomas Aquinas, Robert Grosseteste, Roger Bacon, John Buridan, Nicole Oresme","Summa Theologica (Aquinas), Quaestiones on Physics (Buridan), De configurationibus (Oresme)","University of Paris, University of Oxford, University of Bologna, University of Padua, Dominican and Franciscan schools","SRC_043, SRC_045",A,E2,Condemnation of 1277 (Bishop Tempier) restricted certain Aristotelian conclusions; whether this helped or hindered science debated by historians,"PION_070, PION_072, PION_069, PION_071, PION_073, PION_074",BRKTH_021,"BRKTH_023, BRKTH_024","Summa Theologica, Quaestiones on Aristotle Physics (Buridan), De configurationibus qualitatum (Oresme)",
T3_MED_010,European Experimental Tradition,knowledge_tradition,3,T3_MED_002,1220,1350,century,first_problem_tradition,European,"Development of experimental approaches to natural philosophy by Oxford Franciscans and influenced scholars. Emphasis on mathematics, optics, and empirical verification. Built on Islamic experimental methods received through Latin translations of Ibn al-Haytham's Perspectiva.","Experimental verification and mathematical analysis of natural phenomena advocated as complements to scholastic authority; optical phenomena (rainbow, lenses) serve as test cases; scientia experimentalis proposed as distinct mode of natural knowledge","Robert Grosseteste, Roger Bacon, Theodoric of Freiberg, Witelo, Peter Peregrinus","Opus Majus (Bacon), De Luce (Grosseteste), De Iride (Theodoric), Perspectiva (Witelo), Epistola de Magnete (Peter Peregrinus)","University of Oxford, Franciscan schools (Oxford, Paris), Dominican convents","SRC_044, SRC_040",B,E2,Extent to which medieval experimental tradition was continuous with later Scientific Revolution experimental method is debated; some historians see discontinuity,"PION_069, PION_071, PION_079, PION_080, PION_081",BRKTH_019,BRKTH_036,"Opus Majus (1267), De Iride (1304-1310), Perspectiva (Witelo), Epistola de Magnete (1269)","Glass spheres, polished mirrors, lenses, magnetic compass"
T3_MED_011,European Practical Alchemy,knowledge_tradition,3,T3_MED_001,1200,1500,century,institutionalized_field,European,Development of European alchemical tradition receiving both Islamic and ancient influences through Latin translations. Practical chemistry combined with spiritual and mystical goals. Laboratory techniques advanced through metallurgical and pharmaceutical needs despite reintroduction of stronger symbolic elements than in Islamic alchemy.,Islamic systematic alchemy received through translations but transformed by reintroduction of spiritual symbolism; Latin alchemical corpus (Pseudo-Geber) provides practical chemistry procedures alongside transmutation theory; metallurgical and pharmaceutical applications drive technique development,"Pseudo-Geber, Albertus Magnus, Ramon Llull, Theophilus Presbyter","Summa Perfectionis (Pseudo-Geber), De Mineralibus (Albertus Magnus)","European craft guilds, monastic laboratories, court alchemists, university pharmacies","SRC_036, SRC_037",B,E2,Pseudo-Geber identity unknown; European alchemy harder to periodise than Islamic due to pseudonymous corpus and mixed mystical-practical character,"PION_082, PION_070, PION_084","BRKTH_021, BRKTH_029",,"Summa Perfectionis Magisterii (Pseudo-Geber, c.1300), De Mineralibus (Albertus Magnus)","Athanor furnace, alembic, retort, sublimation apparatus"
T3_MED_012,European Craft Knowledge Traditions,knowledge_tradition,3,T3_ANC_013,1000,1500,century,institutionalized_field,European,"Practical material knowledge developed by craftspeople: metallurgists, glassmakers, dyers, builders, etc. Transmitted primarily through apprenticeship rather than texts. Increasingly documented in late medieval period. Maintained continuous development through Middle Ages with gradual improvements and guild organisation.",Craft knowledge transmitted through apprenticeship embodied in practical skill rather than text; guild organisation systematises transmission; rare documentary sources (Theophilus) reveal sophisticated material knowledge preceding formal natural philosophy,"Theophilus Presbyter, Hugh of St. Victor, anonymous master craftsmen","De Diversis Artibus (Theophilus), Didascalicon (Hugh of St. Victor)","Trade guilds (goldsmiths, glassmakers, weavers), cathedral building workshops, monastic craft workshops","SRC_052, SRC_040",B,E2,Craft knowledge traditions largely undocumented; historiography dependent on rare surviving texts and archaeological evidence; anonymous practitioners leave limited historical trace; attribution gap — European craft knowledge traditions were transmitted through anonymous apprenticeship; Theophilus Presbyter and Hugh of St. Victor are exceptional in having left written records; systematic attribution impossible,"PION_083, PION_085",,,"De Diversis Artibus (Theophilus, c.1120)","Bellows and furnace systems, glassmaking tools, dye vats, mechanical clock components, building cranes"
T3_MED_013,Byzantine Preservation and Commentary,knowledge_tradition,3,"T3_ANC_004, T3_ANC_013",400,1453,century,institutionalized_field,"Greek, European","Preservation of ancient Greek texts, commentary tradition, continued medical and technological practice. Critical for maintaining ancient knowledge during early medieval period in West. Byzantine manuscripts became sources for both Islamic translations (8th-9th c.) and Renaissance recovery of Greek texts (14th-15th c.).",Byzantine scholars maintain Greek intellectual traditions with critical preservation role; less innovation than Islamic world but transmission function essential for long-run knowledge continuity; manuscripts flow west to Italy before 1453 fall,"Paul of Aegina, Leo the Mathematician, Michael Psellus, Oreibasius","Medical Compendium (Paul of Aegina), Chronographia (Michael Psellus)","Imperial University of Constantinople, Patriarchal Academy, palace libraries, monastic scriptoria","SRC_040, SRC_043",B,E2,Byzantine scholarship sometimes characterised as merely derivative; recent scholarship recognises more original contribution than earlier assessments allowed,"PION_086, PION_087, PION_088",,,"Epitomae Medicae (Paul of Aegina), preserved copies of Aristotle, Euclid, Galen, Ptolemy","Greek fire apparatus (technology), manuscript copying tools"
T3_MED_014,Indian Medieval Natural Philosophy,knowledge_tradition,3,"T3_ANC_009, T3_ANC_010",500,1500,century,institutionalized_field,Indian,"Continued development of Nyaya-Vaisesika atomism, mathematical astronomy, medical traditions (Ayurveda), and logic within Indian intellectual tradition. Some integration with Islamic scientific culture during later period. Independent sophisticated philosophical development of atomism and causal theory.","Indian philosophical traditions maintain continuous sophisticated development in atomism, logic, and astronomical mathematics with distinctive institutional forms (gurukula, mathas); later period sees selective interaction with Islamic science","Udayana, Brahmagupta, Bhaskara II, Ayurvedic physicians","Nyayakusumanjali (Udayana), Brahmasphutasiddhanta (Brahmagupta), Siddhantasiromani (Bhaskara II)","Navya-Nyaya schools, jyotisa (astronomy) traditions, Ayurvedic medical lineages","SRC_041, SRC_047",B,E2,"Indian medieval science less documented in accessible English-language scholarship; Islamic-Indian scientific exchange difficult to trace precisely; dating of philosophical texts uncertain; attribution gap — Indian medieval natural philosophy figures (Udayana, Brahmagupta, Bhaskara II) documented in research but not yet added to pioneer database; limited English-language scholarship on Indian medieval science; pioneer_ids to be populated in future batch",,,,"Brahmasphutasiddhanta (Brahmagupta, 628 CE), Siddhantasiromani (Bhaskara II, 1150 CE)",
T3_EMD_001,Experimental Philosophy,knowledge_tradition,3,"T3_MED_002, T3_MED_010, T3_MED_009",1600,1700,century,conceptual_breakthrough,European,"New approach to natural philosophy emphasising systematic experimentation, empirical observation, and inductive reasoning. Rejected reliance on ancient authorities; promoted collaborative investigation and replication of experiments. Distinguished from medieval scholasticism by emphasis on controlled experiments and public demonstrations.","Knowledge of nature requires systematic experimentation, controlled conditions, and replication before witnesses; ancient authority must yield to empirical evidence.","Francis Bacon, Galileo Galilei, Robert Boyle, Robert Hooke, William Gilbert",Novum Organum (Bacon 1620); Discorsi (Galileo 1638); New Experiments on Spring of Air (Boyle 1660); Micrographia (Hooke 1665),Royal Society of London (1660); Italian academies; informal Oxford group (1640s-1650s),"SRC_054, SRC_055, SRC_056, SRC_057, SRC_058",A,E2,"Exact extent of continuity with medieval experimental tradition (Roger Bacon, Grosseteste) debated; some historians argue for discontinuity while others emphasise cumulative development; 'Scientific Revolution' as concept critiqued by Shapin and others as too revolutionary","PION_089, PION_090, PION_098, PION_102, PION_092","BRKTH_019, BRKTH_036","BRKTH_037, BRKTH_040, BRKTH_044",Novum Organum (Bacon 1620); Discorsi e Dimostrazioni Matematiche (Galileo 1638); Micrographia (Hooke 1665); New Experiments Physico-Mechanical (Boyle 1660); De Magnete (Gilbert 1600),Telescope; microscope; air pump; barometer; thermometer
T3_EMD_002,Mechanical Philosophy,knowledge_tradition,3,"T3_ANC_003, T3_MED_009, T3_EMD_001",1630,1700,century,conceptual_breakthrough,European,"Explanation of all natural phenomena through matter and motion alone, rejecting Aristotelian substantial forms and occult qualities. Universe conceived as machine operating by mechanical principles. Matter composed of particles whose size, shape, and motion determine all properties.",All natural phenomena reducible to matter in motion; no substantial forms or occult qualities; universe operates as clockwork mechanism with mathematical laws governing particle interactions.,"Rene Descartes, Pierre Gassendi, Robert Boyle, Christiaan Huygens, Otto von Guericke",Principia Philosophiae (Descartes 1644); Discourse on Method (Descartes 1637); The Sceptical Chymist (Boyle 1661); Traite de la Lumiere (Huygens 1690),"French academies; Royal Society; informal networks across France, Netherlands, England","SRC_055, SRC_059, SRC_060, SRC_061",A,E2,Newton's universal gravitation (action at distance) troubled pure mechanists who required contact action; exact boundaries between mechanical philosophy and Newtonian physics debated; Cartesian vs. Newtonian traditions divided Continental and English natural philosophy into 18th century,"PION_097, PION_103, PION_098, PION_099, PION_101","BRKTH_003, BRKTH_023, BRKTH_024","BRKTH_051, BRKTH_052, BRKTH_058",Principia Philosophiae (Descartes 1644); The Sceptical Chymist (Boyle 1661); Traite de la Lumiere (Huygens 1690); De Corpore (Hobbes 1655),Air pump; pendulum clock; vacuum apparatus; precision measuring instruments
T3_EMD_003,Mathematical Physics (Newtonian Mechanics),knowledge_tradition,3,"T3_MED_004, T3_MED_005, T3_EMD_002",1687,1800,year,conceptual_breakthrough,European,Application of mathematics to derive universal laws of motion and force. Integration of terrestrial and celestial mechanics through mathematical principles. Established physics as quantitative mathematical science rather than qualitative natural philosophy.,Nature governed by universal mathematical laws; same equations apply to falling objects and planetary orbits; force quantified as mass times acceleration; calculus enables solution of complex motion problems.,"Isaac Newton, Leonhard Euler, Joseph-Louis Lagrange, Pierre-Simon Laplace, Jean le Rond d'Alembert",Philosophiae Naturalis Principia Mathematica (Newton 1687); Mechanica (Euler 1736); Mecanique Analytique (Lagrange 1788); Mecanique Celeste (Laplace 1799-1825),Royal Society (London); Paris Academie Royale des Sciences; Berlin Academy; St. Petersburg Academy,"SRC_062, SRC_063, SRC_064, SRC_055",A,E2,Newton's 'action at distance' gravity was philosophically troubling to Continental mechanists; Leibniz-Newton calculus priority dispute; Continental (Lagrangian) vs. Newtonian formulations represent different mathematical traditions; Newton's corpuscular light theory vs. Huygens wave theory debated through 18th century,"PION_104, PION_107, PION_109, PION_108, PION_110, PION_111, PION_112, PION_106","BRKTH_026, BRKTH_025, BRKTH_024, BRKTH_023","BRKTH_038, BRKTH_047, BRKTH_052, BRKTH_045",Philosophiae Naturalis Principia Mathematica (Newton 1687); Opticks (Newton 1704); Mechanica (Euler 1736); Mecanique Analytique (Lagrange 1788); Mecanique Celeste (Laplace 1799-1825),Reflecting telescope; precision astronomical clock; barometer; pendulum apparatus
T3_EMD_004,Pneumatic Chemistry (Study of Gases),knowledge_tradition,3,"T3_MED_001, T3_MED_011, T3_EMD_001",1756,1800,year,conceptual_breakthrough,European,Systematic investigation of gases as distinct chemical substances with unique properties. Development of apparatus for collecting and studying gases. Discovery of multiple gases beyond air. Critical foundation for chemical revolution.,Air is not a single element but a mixture of distinct gaseous substances each isolable and characterisable; pneumatic trough enables systematic gas collection; quantitative methods distinguish gas properties.,"Joseph Black, Henry Cavendish, Joseph Priestley, Carl Wilhelm Scheele, Antoine Lavoisier, Stephen Hales",Experiments and Observations on Different Kinds of Air (Priestley 1774-1786); Papers on Fixed Air (Black 1756); Chemical Treatise on Air and Fire (Scheele 1777),Informal laboratory networks; Leeds Philosophical Society (Priestley); Edinburgh connections (Black),"SRC_065, SRC_066, SRC_069, SRC_070",A,E2,Priestley discovered oxygen (1774) yet remained phlogiston theorist throughout life demonstrating that experimental discovery and theoretical interpretation can diverge; Scheele independently isolated oxygen c.1771-1772 but published later; exact timing of various gas discoveries contested in priority claims,"PION_118, PION_116, PION_115, PION_117, PION_114, PION_139","BRKTH_029, BRKTH_028, BRKTH_020","BRKTH_062, BRKTH_049, BRKTH_048",Experiments and Observations on Different Kinds of Air (Priestley 1774-1786); Papers on Fixed Air (Black 1756); Chemical Treatise on Air and Fire (Scheele 1777); Papers on Hydrogen and Water Composition (Cavendish 1766/1784),Pneumatic trough; glass retorts; burning lens; bellows; gas collection apparatus
T3_EMD_005,Chemical Revolution / Modern Chemistry,knowledge_tradition,3,"T3_MED_001, T3_MED_011, T3_EMD_004",1770,1800,decade,conceptual_breakthrough,European,"Transformation from alchemy and phlogiston chemistry to modern chemistry based on oxygen theory, conservation of mass, systematic nomenclature, and quantitative methods. Chemistry established as independent science distinct from alchemy.",Chemistry is quantitative science based on conservation of mass; elements defined operationally as substances non-decomposable by chemical means; systematic nomenclature enables precise international communication; oxygen not phlogiston explains combustion.,"Antoine Lavoisier, Claude Louis Berthollet, Antoine Fourcroy, Louis-Bernard Guyton de Morveau, Georg Ernst Stahl (bridge), Georg Stahl",Traite Elementaire de Chimie (Lavoisier 1789); Methode de Nomenclature Chimique (1787); Fundamenta Chymiae (Stahl 1723),Paris Academie Royale des Sciences; Lavoisier's private laboratory; French chemical community,"SRC_065, SRC_066, SRC_067, SRC_068, SRC_073, SRC_074",A,E2,Chemical revolution gradual not sudden: alchemy and chemistry coexisted 1600-1800 with same practitioners; phlogiston theory (Stahl) temporarily unified phenomena before Lavoisier; Priestley never accepted oxygen theory despite discovering oxygen; exact dating of revolution contested; Lavoisier's execution (1794) removed its central figure,"PION_114, PION_121, PION_122, PION_123, PION_124, PION_125, PION_126, PION_130, PION_116, PION_119","BRKTH_020, BRKTH_029, BRKTH_028, BRKTH_019","BRKTH_039, BRKTH_049, BRKTH_048, BRKTH_041, BRKTH_042",Traite Elementaire de Chimie (Lavoisier 1789); Methode de Nomenclature Chimique (1787); The Sceptical Chymist (Boyle 1661); Fundamenta Chymiae (Stahl 1723),Precision balance; pneumatic trough; chemical glassware; platinum crucibles
T3_EMD_006,Quantitative Atomic Theory,knowledge_tradition,3,"T3_ANC_003, T3_EMD_005, T3_EMD_002",1803,1830,year,conceptual_breakthrough,European,Quantitative atomic theory based on experimental evidence from chemical combination ratios. Atoms of each element have characteristic weight; compounds form by whole-number atomic ratios. Provided physical foundation for chemical laws.,Elements consist of atoms with characteristic and measurable weights; compounds form when atoms combine in fixed whole-number ratios; atomic weights determinable from combining mass ratios; atoms distinguished by weight not merely shape.,"John Dalton, Joseph-Louis Gay-Lussac, Amedeo Avogadro, Jons Jacob Berzelius, Joseph-Louis Proust",A New System of Chemical Philosophy (Dalton 1808); Law of Combining Volumes paper (Gay-Lussac 1808); Avogadro hypothesis paper (1811),Manchester Literary and Philosophical Society (Dalton); Paris Academie; Turin Academy (Avogadro),"SRC_067, SRC_066, SRC_055",B,E2,Avogadro's hypothesis (1811) distinguishing atoms from molecules ignored until Cannizzaro reintroduced it (1858); Dalton's atomic weights contained errors corrected by Berzelius; Berthollet disputed Proust's law of definite proportions arguing composition can vary; atomic theory controversial among positivist chemists into 20th century,"PION_119, PION_128, PION_129, PION_127, PION_120","BRKTH_003, BRKTH_039, BRKTH_048, BRKTH_051","BRKTH_050, BRKTH_043",A New System of Chemical Philosophy (Dalton 1808); Essai de Philosophie Chimique (Gay-Lussac); Essay on a Manner of Determining the Relative Masses of Molecules (Avogadro 1811),Precision balance; gas measurement apparatus; volumetric measurement equipment
T3_EMD_007,Optics (Experimental and Mathematical),knowledge_tradition,3,"T3_MED_002, T3_MED_010, T3_EMD_001",1600,1800,century,conceptual_breakthrough,European,"Study of light combining experimental investigation, mathematical analysis, and instrument development. Debates over light nature (particle vs wave). Practical applications in telescopes, microscopes, and spectroscopy foundations.",Light phenomena subject to both experimental investigation and mathematical analysis; white light composed of spectrum of colours; nature of light (particle vs wave) theoretically contested; instruments extend visible range to previously inaccessible scales.,"Galileo Galilei, Christiaan Huygens, Isaac Newton, Robert Hooke, Thomas Young, Willebrord Snellius",Opticks (Newton 1704); Traite de la Lumiere (Huygens 1690); Micrographia (Hooke 1665); Double-slit experiment paper (Young 1801),Royal Society (London); Paris Academie; informal instrument-making networks,"SRC_055, SRC_056, SRC_071",B,E2,"Particle vs wave debate: Newton's corpuscular theory dominated 18th century despite Huygens wave theory; Young's double-slit experiment (1801) revived wave theory at end of period; Willebrord Snellius (Snell's law) not in pioneer database - attribution gap; exact credit for telescope invention disputed between Lippershey, Jansen, and others","PION_090, PION_099, PION_104, PION_102, PION_143","BRKTH_019, BRKTH_036","BRKTH_056, BRKTH_057, BRKTH_043",Opticks (Newton 1704); Traite de la Lumiere (Huygens 1690); Micrographia (Hooke 1665); Astronomiae Pars Optica (Kepler 1604),Telescope; microscope; prism; diffraction grating; camera obscura
T3_EMD_008,Electricity and Magnetism Studies,knowledge_tradition,3,"T3_MED_009, T3_EMD_001",1600,1800,year,first_problem_tradition,European,"Systematic investigation of electrical and magnetic phenomena. Development of instruments (electrostatic generators, Leyden jar), experimental demonstrations, and beginning of theoretical understanding. Electricity recognised as natural force.",Electricity and magnetism are distinct natural forces susceptible to systematic experimental investigation and mathematical quantification; lightning is electrical; current electricity enables electrochemistry.,"William Gilbert, Otto von Guericke, Benjamin Franklin, Luigi Galvani, Alessandro Volta, Charles-Augustin de Coulomb",De Magnete (Gilbert 1600); Experiments on Lightning (Franklin 1752); De Viribus Electricitatis (Galvani 1791),"American Philosophical Society (Franklin); Paris Academie; Italian university networks (Galvani, Volta)","SRC_055, SRC_056, SRC_071",B,E2,Stephen Gray (conductor vs insulator distinction) not in pioneer database - attribution gap; Galvani-Volta controversy over animal vs contact electricity crucial for later developments but priority disputed; Coulomb's inverse square law derivation methodology questioned; boundary with magnetism remained unclear until Oersted (1820) beyond our period,"PION_092, PION_101, PION_113, PION_137, PION_131, PION_138","BRKTH_019, BRKTH_023","BRKTH_064, BRKTH_043",De Magnete (Gilbert 1600); Micrographia (Hooke 1665); Experiments and Observations on Electricity (Franklin 1751); De Viribus Electricitatis (Galvani 1791),Electrostatic generator; Leyden jar; torsion balance; voltaic pile; gold-leaf electroscope
T3_EMD_009,Natural History (Systematic Classification),knowledge_tradition,3,"T3_ANC_013, T3_MED_013",1650,1800,century,institutionalized_field,European,"Systematic classification and description of plants, animals, minerals based on global exploration. Binomial nomenclature, taxonomic hierarchies, natural vs artificial systems debated. Foundation for biology as science.",Every organism can be systematically named and placed within hierarchical classification; binomial nomenclature provides universal language; global exploration reveals diversity requiring systematic organisation rather than anecdotal description.,"Carl Linnaeus, Georges-Louis Leclerc Comte de Buffon, Georges Cuvier",Systema Naturae (Linnaeus 1735); Histoire Naturelle (Buffon 1749-1804); Tableau Elementaire (Cuvier 1798),Uppsala University (Linnaeus); Paris Jardin des Plantes (Buffon); natural history museums; global botanical networks,"SRC_055, SRC_056",B,E2,John Ray (1627-1705) pre-Linnaean classification pioneer not in pioneer database - attribution gap; Linnaeus sexual classification of plants criticised as artificial; Buffon opposed Linnaean system favouring natural groupings; debate over natural vs artificial classification systems ran throughout period; global collecting entangled with colonial power relationships,"PION_132, PION_133, PION_136","BRKTH_007, BRKTH_013","BRKTH_046, BRKTH_043",Systema Naturae (Linnaeus 1735 and later editions); Histoire Naturelle (Buffon 1749-1804); Historia Plantarum (Ray 1686-1704),Herbarium press; microscope; specimen collection equipment; global correspondence networks
T3_EMD_010,Astronomy (Mathematical and Observational),knowledge_tradition,3,"T3_MED_005, T3_MED_009, T3_ANC_005",1543,1800,year,conceptual_breakthrough,European,"Transformation from geocentric to heliocentric system, mathematical laws of planetary motion, telescopic observations revealing new celestial objects. Integration with physics through gravitation explaining orbits.","Earth orbits the Sun not vice versa; planetary motion governed by mathematical laws (ellipses, equal areas, harmonic law); same gravitational force explains falling bodies and planetary orbits; physics and astronomy unified.","Nicolaus Copernicus, Tycho Brahe, Johannes Kepler, Galileo Galilei, Edmond Halley, William Herschel",De Revolutionibus (Copernicus 1543); Astronomia Nova (Kepler 1609); Harmonices Mundi (Kepler 1619); Principia (Newton 1687),Uraniborg Observatory (Tycho Brahe); Gresham College London; Royal Observatory Greenwich; Paris Observatory,"SRC_055, SRC_056, SRC_062, SRC_063",A,E2,Extent of Maragha school influence on Copernicus debated - some historians identify specific borrowed geometric devices; Copernicus retained circles and epicycles despite removing geocentrism; Galileo's trial (1633) demonstrates science-religion conflict; Tychonic geo-heliocentric system had adherents for decades after Copernicus; Newtonian synthesis largely settled astronomical controversies but gravitational mechanism remained philosophically problematic,"PION_096, PION_094, PION_091, PION_090, PION_105, PION_140","BRKTH_025, BRKTH_033, BRKTH_010","BRKTH_055, BRKTH_056, BRKTH_038, BRKTH_047",De Revolutionibus Orbium Coelestium (Copernicus 1543); Astronomia Nova (Kepler 1609); Harmonices Mundi (Kepler 1619); Principia Mathematica (Newton 1687); Sidereus Nuncius (Galileo 1610),Telescope; mural quadrant; sextant; astronomical clock; armillary sphere
T3_EMD_011,Anatomy and Physiology,knowledge_tradition,3,"T3_MED_003, T3_ANC_013, T3_EMD_001",1543,1800,year,conceptual_breakthrough,European,"Systematic anatomical investigation through dissection, physiological experiments on living systems, discovery of circulation and major organ systems. Medicine increasingly based on anatomical knowledge correcting Galenic errors.","Human anatomy must be based on systematic human dissection not animal analogy; physiological processes (circulation, digestion, respiration) amenable to experimental investigation and quantitative argument; microscopy extends anatomy to cellular level.","Andreas Vesalius, William Harvey, Marcello Malpighi, Albrecht von Haller, Rene Descartes",De Humani Corporis Fabrica (Vesalius 1543); De Motu Cordis (Harvey 1628); Elementa Physiologiae (Haller 1757-1766),University of Padua (anatomy theatre); College of Physicians London; Gottingen University; Paris Faculty of Medicine,"SRC_055, SRC_056",A,E2,Humoral theory persisted in clinical medicine long after anatomical advances; Galenic framework replaced in anatomy 1543 but therapy lagged into 19th century; Harvey initially rejected by many physicians; Descartes mechanistic physiology influential but wrong on key points (pineal gland); iatromechanists vs iatrochemists disputed whether physiology mechanical or chemical,"PION_095, PION_093, PION_142, PION_141, PION_097","BRKTH_014, BRKTH_022, BRKTH_035","BRKTH_054, BRKTH_057, BRKTH_043",De Humani Corporis Fabrica (Vesalius 1543); De Motu Cordis (Harvey 1628); Micrographia (Hooke 1665); Elementa Physiologiae (Haller 1757-1766),Dissection instruments; microscope; measuring instruments; anatomical wax models
T3_EMD_012,Instrument-Making Traditions,knowledge_tradition,3,"T3_MED_012, T3_MED_008, T3_EMD_001",1600,1800,century,institutionalized_field,European,Development of precision scientific instruments enabling new observations and measurements. Instruments became essential tools of experimental philosophy rather than auxiliary aids. Craft knowledge systematised and commercialised.,Scientific instruments extend human senses and enable quantitative measurement previously impossible; experimental philosophy requires material apparatus; collaboration between natural philosophers and skilled instrument makers creates new knowledge.,"Galileo Galilei, Evangelista Torricelli, Robert Hooke, Christiaan Huygens, Otto von Guericke",Micrographia (Hooke 1665); Horologium Oscillatorium (Huygens 1673); Opera Geometrica (Torricelli 1644),London instrument-making trade; Dutch optical workshops; Royal Society instrument collections; Paris instrument makers,"SRC_055, SRC_071, SRC_072",B,E2,Hans Lippershey credited with telescope invention not in pioneer database - attribution gap; many instrument improvements made by anonymous craftspeople whose names are not recorded; tension between natural philosophers who designed and artisans who made instruments; Hooke unusual in combining both roles; instrument makers often commercially motivated creating tensions with scholarly priority,"PION_090, PION_100, PION_102, PION_099, PION_101","BRKTH_034, BRKTH_036, BRKTH_033","BRKTH_056, BRKTH_057, BRKTH_058, BRKTH_060, BRKTH_061, BRKTH_059",Micrographia (Hooke 1665); Horologium Oscillatorium (Huygens 1673); Meteorologica (Aristotle - opposing reference for vacuum); New Experiments Physico-Mechanical (Boyle 1660),Telescope; microscope; air pump; barometer; pendulum clock; thermometer; precision balance; electrical machines
T3_EMD_013,Scientific Societies and Institutions,knowledge_tradition,3,"T3_MED_009, T3_MED_013",1660,1800,year,institutionalized_field,European,"Formal organisations for collaborative science. Regular meetings, publications, correspondence networks, experimental demonstrations. Science professionalized and institutionalised beyond universities.",Scientific knowledge validated through collective witness and publication in scientific periodicals; societies provide institutional framework for collaborative investigation independent of universities; correspondence networks create international scientific community.,"Robert Boyle, Robert Hooke, Edmond Halley, Gottfried Wilhelm Leibniz, Benjamin Franklin",Philosophical Transactions (Royal Society from 1665); Memoires (Paris Academie from 1666); Berlin Academy publications,Royal Society of London (1660); Academie Royale des Sciences Paris (1666); Berlin Academy (1700); American Philosophical Society (1743); St. Petersburg Academy (1724),"SRC_054, SRC_055",B,E2,"Royal Society membership included gentlemen amateurs not only practitioners; French academie model (state-funded, professionalised) differed from English voluntary model; provincial and national societies proliferated with varying standards; science communication through correspondence networks predating formal societies; journal publication norms (priority, peer review) developed gradually not suddenly","PION_098, PION_102, PION_105, PION_106, PION_113","BRKTH_021, BRKTH_013","BRKTH_040, BRKTH_046",Philosophical Transactions of the Royal Society (from 1665); Histoire et Memoires de l'Academie Royale des Sciences (from 1699),Experimental apparatus collections; correspondence networks; printing presses; lecture demonstration equipment
T3_EMD_014,Metallurgy and Mining Science,knowledge_tradition,3,"T3_MED_012, T3_MED_001",1500,1800,century,first_problem_tradition,European,"Systematic study of ore processing, smelting, alloy production. Practical mining knowledge increasingly documented and theorised. Connected to chemistry and geology in later period.",Metallurgical craft knowledge can be systematically documented and theorised; ore classification and smelting process analysis enable reproducible results; connection to emerging chemistry provides theoretical framework.,"Georgius Agricola, Lazarus Ercker, mining engineers (anonymous)",De Re Metallica (Agricola 1556); Beschreibung allerfurnemisten mineralischen Ertzt (Ercker 1574),Saxon mining industry; Swedish mining industry; craft guilds; assay offices,"SRC_055, SRC_060",B,E2,Attribution gap: major figures Georgius Agricola (1494-1555) and Lazarus Ercker (c.1530-1594) are the primary historical figures in metallurgical science but are not yet in the pioneer database; pioneer_ids empty pending future batch; most metallurgical practitioners were anonymous craftspeople; boundary between metallurgy and alchemy remained porous throughout period,,"BRKTH_028, BRKTH_029, BRKTH_020",BRKTH_043,De Re Metallica (Agricola 1556); Beschreibung allerfurnemisten mineralischen Ertzt (Ercker 1574),Smelting furnaces; assay balances; ore classification tools; mine drainage equipment
T3_EMD_015,Ballistics and Engineering Mechanics,knowledge_tradition,3,"T3_MED_008, T3_MED_012, T3_MED_009",1500,1700,century,conceptual_breakthrough,European,"Mathematical analysis of projectile motion, strength of materials, mechanical advantage. Engineering problems solved through mathematical principles. Connected to military applications and emerging physics.",Projectile motion follows parabolic path derivable mathematically; engineering structures subject to calculable forces; mathematical principles from natural philosophy applicable to practical engineering problems.,"Galileo Galilei, Simon Stevin, Evangelista Torricelli, engineering practitioners",Discorsi e Dimostrazioni Matematiche (Galileo 1638); De Beghinselen der Weeghconst (Stevin 1586),Italian military engineering schools; Dutch hydraulic engineering; Padua University (Galileo),"SRC_058, SRC_055",B,E2,"Attribution gap: Simon Stevin (1548-1620) was a major figure in engineering mechanics but is not yet in the pioneer database; only 4 pioneer_ids assigned (Galileo, Torricelli, Bernoulli, d'Alembert) including two 18th century figures whose primary contributions are to mathematical physics; engineering mechanics lacked clear disciplinary boundaries throughout period; military applications drove development but practitioners often anonymous","PION_090, PION_100, PION_111, PION_110","BRKTH_031, BRKTH_012, BRKTH_023","BRKTH_045, BRKTH_038",Discorsi e Dimostrazioni Matematiche (Galileo 1638); De Beghinselen der Weeghconst (Stevin 1586); Hydrodynamica (Bernoulli 1738),Projectile range finders; hydraulic measuring instruments; lever and balance apparatus; water pressure equipment
T3_EMD_016,Earth Sciences (Geology and Mineralogy),knowledge_tradition,3,"T3_MED_007, T3_MED_012",1650,1800,century,first_problem_tradition,European,"Systematic study of Earth structure, rock formation, fossils, minerals. Debates over Earth age and formation mechanisms. Observational field science developing alongside laboratory mineralogy.",Rock layers form sequentially with oldest at bottom; fossils are remains of ancient organisms not mere sports of nature; Earth processes operate over immense geological time far exceeding Biblical chronology; field observation essential to geological knowledge.,"Nicolaus Steno, James Hutton, Abraham Gottlob Werner, Georges-Louis Leclerc Comte de Buffon",De Solido (Steno 1669); Theory of the Earth (Hutton 1785/1795); Histoire Naturelle (Buffon 1749-1804),Edinburgh geological circles; Freiberg Mining Academy (Werner); Paris Jardin des Plantes; field survey expeditions,"SRC_055, SRC_066",B,E2,Abraham Gottlob Werner (1749-1817) Neptunist school not in pioneer database - attribution gap; Vulcanist (Hutton) vs Neptunist (Werner) debate fundamental to period but resolution falls largely after 1800; Biblical chronology vs geological deep time created religious controversy; Hutton's Theory of Earth (1795) poorly written and largely unknown until Playfair's Illustrations (1802); dating of Earth remained contested,"PION_134, PION_135, PION_133, PION_136","BRKTH_027, BRKTH_013","BRKTH_053, BRKTH_043",De Solido Intra Solidum Naturaliter Contento (Steno 1669); Theory of the Earth (Hutton 1785/1795); Histoire Naturelle (Buffon 1749-1804),Rock hammer; stratigraphic mapping tools; mineral classification collections; field notebooks; mineralogical microscope
T3_MOD_001,Organic Chemistry,field,3,T3_EMD_005,1828,1950,year,institutionalized_field,European,"Study of carbon compounds — their structure, properties, synthesis, and reactions. Emerged from defeat of vitalism (Wöhler urea synthesis, 1828) and structure theory (Kekulé, 1858-1865). Industry-driven (German dye industry, pharmaceuticals). Characterized by structural formulas, retrosynthesis, reaction mechanisms.","Carbon forms four bonds and can chain into rings and networks, generating vast structural diversity; organic compounds obey the same chemical laws as inorganic materials (no vital force required); systematic synthesis requires understanding structural relationships.","Friedrich Wöhler, Justus von Liebig, August Kekulé, Emil Fischer, Adolf von Baeyer, William Perkin",Wöhler urea synthesis (1828); Kekulé benzene structure (1865); Fischer sugars and lock-and-key (1890s-1900s),"Liebig Annalen (1832); German dye industry (1856+); separate organic chemistry chairs 1860s; Nobel Chemistry: Fischer 1902, Baeyer 1905","SRC_076, SRC_085",A,E4,Vitalism persisted despite Wöhler; priority disputes (Kekulé vs Couper for chain theory; benzene dream story apocryphal); German monopoly on organic chemistry before WWI,"PION_144, PION_145, PION_146","BRKTH_048, BRKTH_050, BRKTH_039","BRKTH_092, BRKTH_068",Kekulé Über die Konstitution (1858); Fischer Untersuchungen über Kohlenhydrate (1884-1908),Combustion analysis apparatus; polarimeter (optical rotation); reflux condenser; Bunsen burner
T3_MOD_002,Analytical Chemistry,field,3,T3_EMD_005,1850,1950,decade,institutionalized_field,European,"Quantitative determination of substance composition and structure. Gravimetric, volumetric, spectroscopic, and electrochemical methods. Service discipline enabling all other sciences. Instrumentation-dependent and increasingly automated.",Every substance has definite quantitative composition determinable by systematic analytical procedure; instrumentation extends sensitivity and selectivity; analytical methods require rigorous calibration and uncertainty estimation.,"Carl Remigius Fresenius, Gustav Kirchhoff, Robert Bunsen, Francis Aston, Mikhail Tswett","Fresenius Anleitung zur qualitativen und quantitativen chemischen Analyse (1841, 1842); Kirchhoff-Bunsen spectroscopy (1860); Aston mass spectrograph (1919)",Zeitschrift für analytische Chemie (1862); gravimetric analysis textbooks (Fresenius); mass spectrometry Nobel 1922 (Aston); chromatography Nobel 1952,"SRC_076, SRC_085",B,E4,Analytical chemistry as service discipline vs independent research field debate; spectroscopic methods initially resisted by classical analytical chemists,"PION_185, PION_186, PION_194","BRKTH_020, BRKTH_063, BRKTH_039","BRKTH_080, BRKTH_087, BRKTH_093",Fresenius Anleitung zur qualitativen chemischen Analyse (1841); Kirchhoff-Bunsen Chemical Analysis by Spectral Observations (1860),Gravimetric balance; burette (volumetric); prism spectroscope; mass spectrograph; chromatography column
T3_MOD_003,Inorganic Chemistry,field,3,T3_EMD_005,1860,1950,decade,institutionalized_field,European,"Study of non-carbon compounds and elements — their synthesis, structure, bonding, reactivity. Residual category after organic split; unified by coordination chemistry (Werner, 1890s) and periodic table. Less theoretically coherent than organic until quantum mechanical bonding theory (Pauling 1930s).",Elements organize into periodic system reflecting underlying atomic structure; transition metal compounds form coordination geometries predictable from electronic structure; quantum mechanics explains chemical bonding in inorganic systems.,"Dmitri Mendeleev, Alfred Werner, Linus Pauling, Henry Moseley, Fritz Haber",Mendeleev periodic table (1869); Werner coordination theory (1893-1913); Pauling The Nature of the Chemical Bond (1939),Inorganic chemistry chairs 1890s; coordination chemistry journals; Werner Nobel Chemistry 1913; Pauling Nobel Chemistry 1954,"SRC_076, SRC_085",B,E4,Inorganic chemistry as residual category with weak theoretical coherence until quantum mechanics; Werner coordination theory disputed until 1913 Nobel confirmation; Haber-Bosch process ethics (ammonia for fertilizers vs explosives),"PION_155, PION_154, PION_195","BRKTH_050, BRKTH_068, BRKTH_039","BRKTH_076, BRKTH_088","Mendeleev Osnovy khimii (Principles of Chemistry, 1868-1871); Werner Über die Konstitution und Konfiguration von Verbindungen höherer Ordnung (1893)",Spectrochemical analysis apparatus; crystal structure apparatus (X-ray); electrochemical cell
T3_MOD_004,Physical Chemistry,field,3,"T3_EMD_005, T3_MOD_005",1887,1950,year,institutionalized_field,European,"Application of physics (thermodynamics, kinetics, quantum mechanics) to chemical problems. Emerged as formal field 1887 with founding of Zeitschrift für Physikalische Chemie. Bridges physics and chemistry: thermodynamic equilibria, reaction rates, electrochemistry, solution theory, molecular structure. MERGE: thermodynamics + chemistry.",Chemical phenomena obey the same thermodynamic and kinetic laws as physical phenomena; equilibrium determined by free energy minimization; reaction rates by activation energy barriers; ionic dissociation explains solution conductivity.,"Jacobus van't Hoff, Svante Arrhenius, Wilhelm Ostwald, J. Willard Gibbs, Walther Nernst, Gilbert N. Lewis",Zeitschrift für Physikalische Chemie (founded 1887); Gibbs On Equilibrium of Heterogeneous Substances (1876-1878); van't Hoff Études de Dynamique Chimique (1884),"Zeitschrift für Physikalische Chemie (1887) FOUNDING MARKER; Leipzig chair Ostwald (1887); MIT program Noyes (1903); Berkeley Lewis (1912); Nobel: van't Hoff 1901, Arrhenius 1903, Ostwald 1909, Nernst 1920","SRC_075, SRC_076",B,E4,Arrhenius ionic dissociation thesis nearly failed (graded near-fail 1884); Ostwald anti-atomism until 1908; Gibbs work unknown until Ostwald translated (1892); Lewis-Langmuir bonding theory priority dispute,"PION_147, PION_148, PION_149, PION_150, PION_151, PION_152","BRKTH_065, BRKTH_066, BRKTH_064","BRKTH_069, BRKTH_076",Zeitschrift für Physikalische Chemie vol.1 (1887); Gibbs On the Equilibrium of Heterogeneous Substances (1876-1878); Nernst Theoretische Chemie (1893),Galvanic cell; conductimetry apparatus; vapor pressure measurement; calorimeter; viscometer
T3_MOD_005,Thermodynamics,field,3,T3_EMD_003,1824,1950,year,named_field,European,"Study of heat, work, temperature, and energy in macroscopic systems. First law (energy conservation), second law (entropy and direction of time), third law (absolute zero entropy). Developed 1824-1865, becomes physics specialty. Foundation for all of chemistry via free energy.",Energy is conserved; entropy of isolated systems never decreases; heat flows spontaneously from hot to cold; thermodynamic state functions predict equilibrium and spontaneous processes independent of mechanism.,"Sadi Carnot, James Prescott Joule, Rudolf Clausius, William Thomson (Lord Kelvin), Hermann von Helmholtz, J. Willard Gibbs",Carnot Réflexions (1824); Clausius entropy papers (1850-1865); Gibbs Heterogeneous Substances (1876-1878),Integrated into physics curriculum 1870s; Clausius and Maxwell textbooks 1870s-1880s; thermodynamics specialty chairs; all physical chemistry depends on thermodynamics,"SRC_081, SRC_082",B,E4,Heat as caloric fluid theory lingered until 1840s; irreversibility and arrow of time philosophical controversy; Maxwell demon thought experiment; Boltzmann statistical foundation disputed by Mach,"PION_156, PION_157, PION_158, PION_159, PION_160","BRKTH_047, BRKTH_051, BRKTH_043","BRKTH_065, BRKTH_066",Carnot Réflexions sur la Puissance Motrice du Feu (1824); Clausius papers (1850-1865); Kelvin On the Dynamical Theory of Heat (1851),Steam engine (empirical basis); calorimeter; thermometer; pressure gauge
T3_MOD_006,Electromagnetism,field,3,T3_EMD_008,1820,1950,decade,named_field,European,"Unified theory of electricity, magnetism, and light as aspects of a single electromagnetic field. Developed 1820 (Oersted) through Maxwell equations (1864-1873) and Hertz experimental confirmation (1887). Foundation for all electromagnetic technology and quantum electrodynamics.",Electricity and magnetism are two aspects of a single electromagnetic field; changing electric fields generate magnetic fields and vice versa; electromagnetic waves travel at speed of light; light is an electromagnetic wave.,"Hans Christian Oersted, André-Marie Ampère, Michael Faraday, James Clerk Maxwell, Heinrich Hertz, Oliver Heaviside",Maxwell Treatise on Electricity and Magnetism (1873); Hertz Über Strahlen elektrischer Kraft (1888),"Cavendish Laboratory (1874, Maxwell first director); Physical Society of London (1874); APS (1899); Maxwell equations as physics canon by 1890s","SRC_083, SRC_084",A,E4,"Action-at-a-distance vs field theory debate (1850s-1870s); ether as medium for EM waves (destroyed by Michelson-Morley 1887); Faraday vs continental mathematicians (Faraday intuitive, Ampère mathematical)","PION_162, PION_163, PION_164, PION_165, PION_166","BRKTH_064, BRKTH_038, BRKTH_047","BRKTH_067, BRKTH_071",Maxwell A Treatise on Electricity and Magnetism (1873); Hertz Electric Waves (1893); Heaviside Electromagnetic Theory (1893-1912),Galvanometer; Leyden jar; induction coil; spark gap transmitter/receiver (Hertz)
T3_MOD_007,Modern Optics and Spectroscopy,field,3,T3_EMD_007,1859,1950,year,named_field,European,Spectroscopy as systematic analytical method; precision interferometry; quantum explanation of spectral lines. Spectroscopy central to atomic physics and analytical chemistry. Spans optics and chemistry/physics interface.,Each element has a unique spectral fingerprint detectable by emission/absorption; spectral line positions correspond to quantized electron energy level transitions; interferometry enables precision light speed measurement.,"Gustav Kirchhoff, Robert Bunsen, Albert A. Michelson, Johann Balmer, Johannes Rydberg",Kirchhoff-Bunsen Chemische Analyse durch Spectralbeobachtungen (1860); Michelson-Morley null result (1887); Balmer series formula (1885),Spectroscopy as standard tool by 1870s; Michelson Nobel Physics 1907 (first American Nobel in science); Zeeman effect Nobel 1902; spectroscopy in all physics/chemistry curricula by 1890s,"SRC_079, SRC_083",B,E4,Spectral line origin unknown until Bohr model (1913); ether concept as spectral propagation medium; Zeeman-Lorentz controversy over electron theory of spectral splitting,"PION_185, PION_186, PION_196","BRKTH_056, BRKTH_067, BRKTH_036","BRKTH_080, BRKTH_084",Kirchhoff-Bunsen Spectroscopic Analysis (1860); Rowland grating spectra; Michelson-Morley (1887),Bunsen burner; prism spectroscope; diffraction grating; Michelson interferometer; photographic spectrograph
T3_MOD_008,Atomic and Nuclear Physics,field,3,"T3_EMD_003, T3_MOD_006",1895,1950,year,institutionalized_field,European,"Study of atom internal structure, radioactivity, and nuclear reactions. Established through X-ray and radioactivity discoveries (1895-1898), electron identification (1897), nuclear atom model (1911), culminating in nuclear fission (1938-1942). Spans atomic spectroscopy, nuclear structure, and particle physics precursors.",Atoms have internal structure (nucleus + electrons); nucleus composed of protons and neutrons; nuclear reactions release energy via E=mc²; radioactivity reveals spontaneous nuclear transmutation; subatomic particles governed by quantum mechanics.,"J.J. Thomson, Marie Curie, Ernest Rutherford, James Chadwick, Enrico Fermi, Lise Meitner, Otto Hahn",Thomson cathode rays paper (1897); Rutherford nuclear atom (1911); Chadwick neutron (1932); Hahn-Meitner fission (1938-1939),"Cavendish Laboratory nuclear physics (Rutherford director 1919); Nobel: Thomson 1906, Rutherford 1908, Curie (twice), Chadwick 1935, Fermi 1938; Manhattan Project (1942-1945)","SRC_079, SRC_080",A,E4,"Nuclear fission military application (Manhattan Project, Hiroshima); Meitner systematically excluded from Nobel despite co-discovering fission; Rutherford-Bohr model transition period; Nazi persecution of Jewish physicists causing brain drain","PION_168, PION_179, PION_180, PION_189, PION_190","BRKTH_050, BRKTH_067, BRKTH_064","BRKTH_081, BRKTH_082, BRKTH_083, BRKTH_076",Thomson cathode rays (1897); Rutherford alpha scattering (1911); Bohr atomic model (1913); Chadwick neutron (1932),Cathode ray tube; cloud chamber; Geiger counter; alpha scattering apparatus; cyclotron; mass spectrograph
T3_MOD_009,Quantum Mechanics,theoretical_framework,3,"T3_MOD_008, T3_MOD_005",1900,1950,year,conceptual_breakthrough,European,Complete replacement of classical mechanics at atomic/subatomic scale. Energy quantized (Planck 1900); light quanta (Einstein 1905); de Broglie matter waves (1924); matrix mechanics (Heisenberg 1925); wave mechanics (Schrödinger 1926); uncertainty principle (Heisenberg 1927); relativistic QM (Dirac 1928). Most successful physical theory ever formulated.,"Physical observables are quantum operators; states described by wave functions whose squared modulus gives probability densities; uncertainty principle limits simultaneous precision of conjugate variables; energy, angular momentum, and other quantities are quantized.","Max Planck, Albert Einstein, Niels Bohr, Louis de Broglie, Werner Heisenberg, Erwin Schrödinger, Max Born, Wolfgang Pauli, Paul Dirac",Planck blackbody radiation (1900); Einstein photoelectric effect (1905); Heisenberg matrix mechanics (1925); Schrödinger wave mechanics (1926); Dirac Principles of Quantum Mechanics (1930),"Copenhagen school (Bohr Institute); Nobel: Planck 1918, Einstein 1921, Bohr 1922, Heisenberg 1932, Schrödinger+Dirac 1933, Pauli 1945; quantum mechanics textbooks (Dirac 1930) canonical","SRC_078, SRC_079",A,E4,Copenhagen vs Many-Worlds interpretation; Einstein-Bohr debates (God does not play dice); EPR paradox and hidden variables; quantum measurement problem still unresolved; wave function reality debate,"PION_169, PION_170, PION_171, PION_172, PION_173, PION_174, PION_175, PION_176, PION_177","BRKTH_070, BRKTH_073, BRKTH_075","BRKTH_076, BRKTH_077, BRKTH_078, BRKTH_079",Heisenberg matrix mechanics (1925); Schrödinger wave mechanics (1926); Dirac Principles of Quantum Mechanics (1930),Precision spectroscopic apparatus; Stern-Gerlach apparatus; electron diffraction (Davisson-Germer 1927)
T3_MOD_010,Relativity (Special and General),theoretical_framework,3,T3_MOD_006,1905,1950,year,conceptual_breakthrough,European,Special relativity (Einstein 1905): space and time are relative; c constant; E=mc²; Lorentz transformations. General relativity (Einstein 1915): gravity is spacetime curvature. Revolutionary replacements of absolute space/time and Newtonian gravity. Confirmed by eclipse (1919) and Mercury perihelion. Required for particle physics.,Speed of light is constant for all observers; simultaneity is relative; mass and energy are equivalent (E=mc²); gravity is not a force but curvature of 4D spacetime caused by energy-momentum; no preferred reference frame.,"Albert Einstein, Hendrik Lorentz, Hermann Minkowski, Arthur Eddington, Henri Poincaré",Einstein special relativity (1905); Einstein general relativity field equations (1915-1916); Eddington eclipse expedition (1919),"Eddington eclipse 1919 confirmed GR and made Einstein famous; Einstein Nobel 1921 (for photoelectric effect, not relativity — Nobel committee uncertainty); GR entered physics curricula by 1930s","SRC_079, SRC_078",B,E4,"Lorentz-Poincaré vs Einstein priority for special relativity (Einstein credited for physical interpretation); resistance to relativity from anti-Semitic ""Deutsche Physik"" movement; GR vs quantum mechanics incompatibility unresolved","PION_170, PION_181, PION_182, PION_183","BRKTH_067, BRKTH_084, BRKTH_047","BRKTH_071, BRKTH_074",Einstein Annalen der Physik 1905 papers; Minkowski Space and Time (1908); Schwarzschild exact solution (1916),Michelson interferometer; eclipse expedition instruments; spectroscopes (gravitational redshift)
T3_MOD_011,Statistical Mechanics,theoretical_framework,3,"T3_MOD_005, T3_EMD_006",1860,1950,decade,modern_formulation,European,"Bridge between microscopic atomic/molecular behavior and macroscopic thermodynamic properties. Boltzmann's S=k log W (1870s); Gibbs ensemble theory (1902) named field; quantum statistics (Bose-Einstein, Fermi-Dirac, 1924-1926) added. MERGE: thermodynamics + atomic theory + kinetic theory.",Thermodynamic properties are statistical averages over microscopic configurations (microstates); entropy measures number of accessible microstates (S = k log W); second law is probabilistic not absolute; quantum statistics required for indistinguishable particles.,"Ludwig Boltzmann, James Clerk Maxwell, J. Willard Gibbs, Albert Einstein, Jean Perrin",Boltzmann kinetic theory papers (1870s-1890s); Gibbs Elementary Principles in Statistical Mechanics (1902); Perrin Les Atomes (1913),Gibbs 1902 treatise named field; Perrin Nobel 1926 for confirming atomistic interpretation; quantum statistics (1924-1926) extended into modern physics; foundation of condensed matter physics,"SRC_081, SRC_082",A,E4,"Boltzmann-Mach debate on atomic reality (Mach denied atoms, drove Boltzmann to depression and suicide 1906); Loschmidt reversibility paradox; Zermelo recurrence paradox; statistical nature of second law troubling to contemporaries","PION_161, PION_165, PION_150, PION_170, PION_184","BRKTH_065, BRKTH_066, BRKTH_050","BRKTH_069, BRKTH_076",Boltzmann Vorlesungen über Gastheorie (1896-1898); Gibbs Elementary Principles (1902); Einstein Brownian motion paper (1905),Ultramicroscope (Brownian motion observation); precision thermometry; calorimetry
T3_CON_001,Quantum Field Theory and Quantum Electrodynamics,theoretical_framework,3,"T3_MOD_009, T3_MOD_010",1947,2025,decade,modern_formulation,Global,"Quantum-relativistic treatment of fields and particles. QED (photon-electron interactions) renormalized by Feynman, Schwinger, Tomonaga (1946-1949). Extended to electroweak unification (Glashow-Salam-Weinberg, 1967-1968), QCD (1973), Standard Model. Most precisely tested theory in physics; electron g-factor accurate to 12 significant figures.",Fundamental particles are excitations of underlying quantum fields; interactions via exchange of virtual gauge bosons; renormalization makes calculations finite; gauge symmetry principles determine form of interactions; Standard Model describes all known particles and three of four fundamental forces.,"Richard Feynman, Julian Schwinger, Sin-Itiro Tomonaga, Freeman Dyson, Murray Gell-Mann, Steven Weinberg, David Gross, Peter Higgs",Feynman QED path integral (1949); Dyson unification (1949); Weinberg Model of Leptons (1967); Gross-Wilczek asymptotic freedom (1973),"Nobel: Feynman-Schwinger-Tomonaga 1965, Glashow-Salam-Weinberg 1979, Gross-Politzer-Wilczek 2004, Higgs-Englert 2013; Physical Review Letters dominant journal; CERN experiments confirmed W, Z bosons (1983), Higgs (2012)","SRC_099, SRC_100",A,E4,Renormalization as mathematical trick criticized by Dirac; interpretation of virtual particles; Yang-Mills mass problem (resolved by Higgs mechanism); string theory attempts to go beyond Standard Model; gravity not included,"PION_200, PION_201, PION_202, PION_203, PION_204, PION_205, PION_206, PION_207","BRKTH_079, BRKTH_076, BRKTH_071","BRKTH_095, BRKTH_100",Schweber QED and the Men Who Made It (1994); Weinberg The Quantum Theory of Fields (1995),Particle accelerators (cyclotron lineage); CERN LHC; precision electron magnetic moment measurements
T3_CON_002,Condensed Matter Physics,field,3,"T3_MOD_009, T3_MOD_011",1947,2025,decade,institutionalized_field,Global,"Study of collective properties of matter in condensed phases — electrons, atoms, molecules in solids, liquids, superconductors. Largest branch of physics by practitioners. Formerly solid state physics; renamed condensed matter physics (~1978) to include liquids, soft matter, complex systems. Bell Labs pivotal; topological materials active frontier.","Collective emergent phenomena (superconductivity, magnetism, topological order) cannot be derived from individual particle behavior alone; quantum many-body physics governs condensed phases; topology classifies distinct phases of matter.","John Bardeen, William Shockley, Philip Anderson, Nevill Mott, Leon Cooper, Brian Josephson, Klaus von Klitzing, Bednorz and Müller, Geim and Novoselov, Thouless, Haldane, Kosterlitz",Bardeen-Cooper-Schrieffer BCS theory (1957); Anderson More is Different (1972); Ashcroft and Mermin Solid State Physics (1976); Bednorz-Müller high-Tc (1986),"Bell Labs (transistor 1947, BCS 1957); APS Division of Solid State Physics (1947) renamed Condensed Matter Physics (~1978); Physical Review B (1970); Nobels: Bardeen 1956+1972, Josephson 1973, von Klitzing 1985, Bednorz-Müller 1987, Geim-Novoselov 2010, Thouless-Haldane-Kosterlitz 2016","SRC_091, SRC_092, SRC_093",A,E4,High-Tc superconductivity mechanism unresolved 40+ years; topological insulator experimental realization decades after theory; condensed matter vs particle physics (Anderson vs Weinberg on emergence vs reductionism); strongly correlated electron systems computationally intractable,"PION_208, PION_209, PION_210, PION_211, PION_212, PION_213, PION_214","BRKTH_076, BRKTH_069, BRKTH_096","BRKTH_097, BRKTH_098, BRKTH_103, BRKTH_104",Anderson Basic Notions of CMP (1997); Ashcroft and Mermin (1976); BCS paper Physical Review (1957),Cryostats (liquid helium); SQUID magnetometer; scanning tunneling microscope; high magnetic field facilities
T3_CON_003,Materials Science and Engineering,field,3,"T3_CON_002, T3_MOD_004",1960,2025,decade,institutionalized_field,Global,"Interdisciplinary field studying relationship between structure, processing, properties, and performance of materials at all length scales. Unified treatment of metals, ceramics, polymers, semiconductors, composites, biomaterials. MERGE: physics + chemistry + engineering, driven by ARPA IDL program (1960). Materials tetrahedron framework.","Material properties determined by structure at all scales (atomic, microstructural, macroscopic); processing controls structure; structure determines properties; performance governed by properties; quantum mechanics provides unified theoretical framework for all material classes.","Morris Cohen, Cyril Stanley Smith, Nevill Mott, William Hume-Rothery, A. H. Cottrell, Ernest Orowan",ARPA IDL program documents (1960-1962); Journal of Materials Science (1966); Smith A History of Metallography (1960),"ARPA IDLs at 12 universities (1960-1962) FOUNDING EVENT; Journal of Materials Science (1966); Materials Research Society (MRS, 1973); Acta Metallurgica → Acta Materialia (1996); metallurgy → materials science department renaming 1960s-1990s","SRC_101, SRC_102",B,E4,Credit for founding materials science contested among universities; boundary with condensed matter physics and engineering unclear; materials tetrahedron criticized as too simplistic; cross-trunk parentage (also Trunk 8: Engineering),"PION_222, PION_223, PION_211, PION_208","BRKTH_076, BRKTH_088, BRKTH_096","BRKTH_110, BRKTH_099",Journal of Materials Science vol. 1 (1966); Cottrell Dislocations and Plastic Flow in Crystals (1953); Smith History of Metallography (1960),Electron microscope; X-ray diffractometer; hardness tester; differential scanning calorimeter; synchrotron X-ray sources
T3_CON_004,Quantum Chemistry and Computational Chemistry,field,3,"T3_MOD_009, T3_MOD_001, T3_MOD_004",1950,2025,decade,modern_formulation,Global,"Application of quantum mechanics to chemical systems; DFT as dominant method. Two overlapping areas: quantum chemistry (Hartree-Fock, post-HF) and computational chemistry (DFT, molecular dynamics, Monte Carlo). MERGE: quantum physics + chemistry + computing. Nobel Chemistry 1998 (Kohn + Pople) marks maturation.",Chemical bonding and reactivity determined by quantum mechanical electronic structure; Density Functional Theory reduces many-electron problem to 3D electron density; computation enables calculation of properties impossible analytically; B3LYP functional works for organic chemistry.,"Walter Kohn, John Pople, Robert S. Mulliken, Axel Becke, Gerhard Ertl, Martin Karplus",Hohenberg-Kohn DFT (1964); Kohn-Sham (1965); Gaussian software (1970s); Becke B3LYP (1993),"Nobel Chemistry 1966 (Mulliken), 1998 (Kohn + Pople); Journal of Computational Chemistry (1980); GAUSSIAN software; Journal of Chemical Theory and Computation (2005)","SRC_097, SRC_098",A,E4,DFT Nobel Chemistry not Physics (Kohn was physicist); GAUSSIAN software commercial restrictions criticized; B3LYP overuse (most cited paper ever but applied outside validity range); machine learning replacing DFT for some applications,"PION_235, PION_236, PION_237, PION_238, PION_249","BRKTH_076, BRKTH_099, BRKTH_108","BRKTH_113, BRKTH_112",Kohn Nobel lecture (1999); Cramer Essentials of Computational Chemistry (2004); Szabo and Ostlund Modern Quantum Chemistry (1989),High-performance computers; NMR spectrometers (validation); X-ray crystallography (structure validation)
T3_CON_005,Surface Science and Interface Chemistry,field,3,"T3_MOD_004, T3_CON_002",1964,2025,year,institutionalized_field,Global,"Physical and chemical phenomena at surfaces and interfaces at atomic/molecular level. Ultra-high vacuum techniques and surface-sensitive probes (LEED, XPS, Auger, STM). Bridge between heterogeneous catalysis and condensed matter physics. Ertl resolved Haber-Bosch mechanism at atomic level (Nobel 2007).",Surface atoms have different coordination and electronic structure from bulk; surface-to-volume ratio dominates at small scales; reaction mechanisms on surfaces differ from solution; clean surface experiments under UHV reveal elementary reaction steps.,"Gerhard Ertl, Gabor Somorjai, Gerd Binnig, Heinrich Rohrer, Kai Siegbahn",Ertl N2 on Fe Haber-Bosch mechanism papers (1970s-1980s); Binnig-Rohrer STM (1982); Siegbahn ESCA (1967),"Surface Science journal (Elsevier, 1964) FOUNDING MARKER; American Vacuum Society; Nobel Chemistry 2007 (Ertl); Nobel Physics 1981 (Siegbahn XPS), 1986 (Binnig-Rohrer STM)","SRC_098, SRC_079",B,E4,"Applicability of single-crystal model surface results to industrial supported catalysts (Somorjai pressure gap, materials gap); STM initially doubted; surface vs bulk distinction blurred at nanoscale","PION_239, PION_228, PION_229, PION_246","BRKTH_083, BRKTH_076, BRKTH_067","BRKTH_109, BRKTH_099","Ertl reactions at surfaces papers (Science, Angewandte Chemie); Somorjai Chemistry in Two Dimensions (1981)",Ultra-high vacuum chamber; LEED (Low Energy Electron Diffraction); STM; AFM; XPS (ESCA); Auger electron spectrometer
T3_CON_006,Nanotechnology,field,3,"T3_CON_002, T3_CON_005, T3_MOD_001, T3_CON_003",1981,2025,decade,institutionalized_field,Global,"Science, engineering, and technology at 1-100 nm scale — where quantum effects, surface chemistry, and classical mechanics all simultaneously matter. Not a single discipline but a scale. STM (1981) enabled; fullerenes (1985), CNTs (1991), graphene (2004) as landmark materials. National Nanotechnology Initiative (NNI, 2000) institutionalized. ACTIVE field — still rapidly developing.","At nanoscale (1-100 nm), materials exhibit size-dependent properties differing from bulk; surface-to-volume ratio determines behavior; quantum confinement effects become significant; nanoscale structures are both building blocks and functional devices.","Gerd Binnig, Heinrich Rohrer, Richard Smalley, Robert Curl, Harold Kroto, Sumio Iijima, Don Eigler, Andre Geim, Konstantin Novoselov",Feynman There's Plenty of Room at the Bottom (1959 lecture); Binnig-Rohrer STM (1982); Kroto et al. C60 (1985); Iijima CNTs (1991); Geim-Novoselov graphene (2004),"Nanotechnology journal (IOP, 1990); NNI USA (2000) $500M/year; Nano Letters (ACS, 2001); NSECs (NSF, 2001); Nobel: C60 1996, STM 1986, graphene 2010; EU Graphene Flagship (2013, €1B)","SRC_095, SRC_096",B,E4,"Drexler molecular assembler concept vs Smalley objections; NNI hype cycle; health risks of engineered nanoparticles; definition of ""nanotechnology"" contested; military applications","PION_228, PION_229, PION_230, PION_231, PION_232, PION_233, PION_234","BRKTH_109, BRKTH_110, BRKTH_096","BRKTH_099, BRKTH_104",Feynman lecture (1959); Drexler Engines of Creation (1986); Ratner Nanotechnology: A Gentle Introduction (2003),STM; AFM; electron microscope (HRTEM); atomic layer deposition; electron beam lithography
T3_CON_007,Semiconductor Physics and Microelectronics,field,3,"T3_CON_002, T3_CON_003",1947,2025,year,institutionalized_field,Global,"Application of solid state physics to semiconductor devices. Transistor (1947) → integrated circuit (1958-1959) → Moore's Law scaling → modern computing. Core physics: band theory, p-n junctions, carrier dynamics, quantum tunneling at sub-5nm nodes. Bridges physics, materials science, electrical engineering.",Semiconductor band structure determines electronic properties; p-n junctions enable charge carrier control; transistor switches/amplifies via majority carrier modulation; miniaturization follows Moore's Law with quantum effects dominating below ~5nm.,"John Bardeen, Walter Brattain, William Shockley, Jack Kilby, Robert Noyce, Gordon Moore, Herbert Kroemer, Zhores Alferov",Bardeen-Brattain transistor (1947); Shockley Electrons and Holes in Semiconductors (1950); Kilby IC (1958); Kroemer heterostructure laser (1963),"Transistor 1947 (Bell Labs) FOUNDING EVENT; Nobel Physics 1956 (Bardeen-Brattain-Shockley), 2000 (Kilby, Kroemer, Alferov); IEEE Transactions on Electron Devices (1952); Semiconductor Industry Association (1977); ITRS/IRDS roadmaps","SRC_093, SRC_094",A,E4,Shockley credit-taking from Bardeen-Brattain; Silicon Valley spawned by Shockley's behavior (traitorous eight); Moore's Law as self-fulfilling prophecy vs physical law; EUV lithography feasibility debates 2000s-2010s,"PION_208, PION_209, PION_226, PION_227","BRKTH_076, BRKTH_096, BRKTH_088","BRKTH_111, BRKTH_114",Shockley Electrons and Holes in Semiconductors (1950); Sze Physics of Semiconductor Devices (1969); Mead and Conway VLSI Systems (1980),Photolithography; molecular beam epitaxy (MBE); ion implantation; atomic layer deposition; EUV scanner
T3_CON_008,Polymer Science and Soft Matter Physics,field,3,"T3_MOD_001, T3_MOD_004, T3_CON_002",1920,2025,decade,named_field,European,"Study of macromolecules (polymers, colloids, liquid crystals, gels, biological soft matter) and their physical properties. Straddles organic chemistry, physical chemistry, and condensed matter physics. Nobel: Staudinger 1953 (macromolecules), Ziegler-Natta 1963 (polymerization), Flory 1974 (polymer theory), de Gennes 1991 (soft matter).","Long chain molecules have unique statistical mechanical properties (random coil, reptation); polymer physical properties determined by chain statistics; soft matter systems share slow dynamics, sensitivity to entropy, and mesoscale structure.","Hermann Staudinger, Paul Flory, Pierre-Gilles de Gennes, Karl Ziegler, Giulio Natta, Wallace Carothers",Staudinger macromolecule concept (1920s); Flory Statistical Mechanics of Chain Molecules (1969); de Gennes Scaling Concepts in Polymer Physics (1979),"Journal of Polymer Science (1946); ACS Polymer Division (1950s); Nobel: Staudinger 1953, Ziegler-Natta 1963, Flory 1974, de Gennes 1991","SRC_094, SRC_093",B,E4,Staudinger macromolecule concept initially rejected by Wieland and other chemists (1920s-1930s); reptation model (de Gennes 1979) vs constraint release models; polymer melts chain statistics debate (Flory vs de Gennes),"PION_224, PION_225, PION_195","BRKTH_076, BRKTH_092, BRKTH_065","BRKTH_108, BRKTH_099",Flory Principles of Polymer Chemistry (1953); de Gennes Scaling Concepts in Polymer Physics (1979); Edwards The Theory of Polymer Dynamics (1986),GPC (gel permeation chromatography); NMR (polymer structure); light scattering; rheometer; DSC (differential scanning calorimeter)
T3_CON_009,Biochemistry and Structural Biology (Physical Methods),field,3,"T3_MOD_004, T3_CON_004",1950,2025,decade,institutionalized_field,Global,"Chemistry and physics of living systems — primarily in Trunk 5 (Biology), but deeply connected to Trunk 3 via physical methods: X-ray crystallography (DNA 1953, proteins 1957-1960), NMR spectroscopy, cryo-electron microscopy, and computational molecular dynamics. Trunk 3 claims the physical/chemical methods contribution.","Structure of biological macromolecules (proteins, nucleic acids) determines function; physical methods (X-ray, NMR, cryo-EM) reveal structure at atomic level; computational MD simulates dynamics; Trunk 3 physical chemistry tools revolutionized biology.","Max Perutz, John Kendrew, Martin Karplus, Michael Levitt, Kurt Wüthrich, Joachim Frank","Watson-Crick DNA structure (1953, Franklin X-ray data); Kendrew myoglobin (1958); Perutz hemoglobin (1960); Karplus MD simulation (1977)","MRC Laboratory of Molecular Biology (Cambridge, 1962); Nobel: Perutz-Kendrew 1962, Sanger 1958+1980, Wüthrich 2002, Frank 2017; PDB (Protein Data Bank, 1971)","SRC_098, SRC_097",B,E4,Rosalind Franklin credit for DNA X-ray data (Photo 51) not acknowledged in Nobel (Watson-Crick-Wilkins 1962); Trunk 3 vs Trunk 5 node ownership; cryo-EM resolution revolution obsoleting crystallography in some areas,"PION_249, PION_250, PION_195","BRKTH_088, BRKTH_108, BRKTH_099","BRKTH_112, BRKTH_113",Perutz and Kendrew protein structure papers (1958-1960); Karplus MD paper (1977); Frank cryo-EM Nobel lecture (2017),X-ray crystallography (synchrotron); NMR spectrometer (high-field); cryo-electron microscope; high-performance computers for MD
T3_CON_010,2D Materials and Topological Quantum Materials,subfield,3,"T3_CON_002, T3_CON_006",2004,2025,year,modern_formulation,Global,"Two-dimensional materials (graphene, TMDs, van der Waals heterostructures) and topological quantum materials (topological insulators, Weyl semimetals, topological superconductors). Active/emerging frontier — Nobel Physics 2010 (graphene), 2016 (topological phases). Dedicated journal 2D Materials (IOP, 2014).","2D materials have properties qualitatively different from bulk (Dirac fermions in graphene, valley polarization in TMDs); topological invariants classify quantum phases of matter; topology protects surface states against disorder; moiré superlattices engineer new quantum phases.","Andre Geim, Konstantin Novoselov, David Thouless, Duncan Haldane, J. Michael Kosterlitz, Pablo Jarillo-Herrero",Geim-Novoselov graphene (2004); TKNN invariant paper (1982); Haldane model (1988); magic-angle graphene (2018),"Nobel Physics 2010 (Geim-Novoselov graphene), 2016 (Thouless-Haldane-Kosterlitz topological); 2D Materials journal (IOP, 2014); EU Graphene Flagship (2013, €1B)","SRC_095, SRC_093",A,E4,Magic-angle graphene superconductivity mechanism (Mott insulator vs BCS-like); topological insulator material synthesis challenges; 2D semiconductor vs Si CMOS competition,"PION_217, PION_218, PION_219, PION_220, PION_221","BRKTH_109, BRKTH_103, BRKTH_110",BRKTH_104,Novoselov et al. Science (2004); TKNN Physical Review Letters (1982); Kane-Mele topological insulator (2005),STM; ARPES (Angle-Resolved Photoemission Spectroscopy); van der Waals heterostructure assembly; millikelvin dilution refrigerator
T3_CON_011,Quantum Computing and Quantum Information,field,3,"T3_MOD_009, T3_CON_001, T3_CON_002",1980,2025,decade,named_field,Global,"Use of quantum superposition, entanglement, and interference for computation and communication. Feynman concept (1982); Shor algorithm (1994) established importance for cryptography; Google/IBM superconducting qubit hardware race; Preskill NISQ era (2018). EMERGING — no stable technology platform. Google Willow error correction milestone (2024).","Quantum bits (qubits) exploit superposition and entanglement to enable exponential parallelism for certain problems; Shor algorithm threatens RSA; error correction below threshold enables scalable fault-tolerant computation; different physical platforms (superconducting, trapped ion, photonic) all viable.","Peter Shor, David Wineland, John Preskill, Alain Aspect, John Clauser, Anton Zeilinger",Shor algorithm (1994); Nielsen-Chuang textbook (2000); Preskill NISQ paper (2018); Google Willow (2024),"Nielsen-Chuang textbook (2000); IBM Quantum Experience (2016, public cloud access); National Quantum Initiative Act (USA, 2018); Nobel Physics 2022 (Aspect-Clauser-Zeilinger entanglement); npj Quantum Information (2015); Quantum journal (2017)","SRC_103, SRC_104",A,E4,"Google ""quantum supremacy"" (2019) disputed by IBM; practical usefulness of NISQ era qubits uncertain; timelines for cryptographically relevant quantum computer highly uncertain (5-50 years); which hardware platform will win","PION_240, PION_241, PION_242, PION_243, PION_244, PION_245","BRKTH_076, BRKTH_106, BRKTH_097","BRKTH_105, BRKTH_116",Shor algorithm (1994); Nielsen-Chuang (2000); Preskill NISQ (2018),Dilution refrigerator (mK temperatures); Josephson junction qubits; laser and trap systems; photon detectors
T3_CON_012,Astrochemistry and Extreme-Conditions Chemistry,field,3,"T3_MOD_004, T3_MOD_007",1960,2025,decade,named_field,Global,"Chemistry under extreme conditions — interstellar space (ultra-low density, radiation, cryogenic temperatures) and high pressure (diamond anvil cell, megabar range). Two subfields: astrochemistry (molecular abundance in ISM, planetary atmospheres) and high-pressure chemistry (new phases, metallic hydrogen, room-temperature superconductors under pressure).",Chemical species stable under extreme conditions differ fundamentally from those at ambient conditions; quantum chemistry predicts exotic species unobservable in normal laboratory; high pressure creates new phases with novel properties; interstellar medium chemistry is dominated by ion-molecule reactions and dust surface processes.,"William Klemperer, Ewine van Dishoeck, Neil Bartlett, Mohamed Eremets, Arthur Moulton",Bartlett noble gas chemistry (1962); diamond anvil cell papers (1959+); van Dishoeck interstellar chemistry reviews,"Icarus journal (astrochemistry, 1962); IAU astrochemistry working groups; diamond anvil cell technology (1960s); Nobel: Bartlett-related discovery (no direct Nobel but noble gas compounds landmark)","SRC_097, SRC_079",B,E3,Room-temperature superconductivity under pressure claims (many disputed); high-pressure hydrogen metallization timeline; interstellar molecular abundances calculation accuracy; astrochemistry vs cosmochemistry boundary,"PION_239, PION_235, PION_238","BRKTH_076, BRKTH_080, BRKTH_099","BRKTH_108, BRKTH_102",van Dishoeck Interstellar Chemistry Special Issue (2006); Mao-Bell diamond anvil cell review; Journal of Chemical Physics extreme conditions papers,Diamond anvil cell; radio telescope (molecular line emission); Hubble/JWST spectrograph; high-pressure apparatus
