pioneer_id,name,birth_year,death_year,nationality,primary_fields,contributions_summary,key_ideas_json,representative_works_json,fields_influenced,cross_trunk_impact,contemporaries,controversies,source_ids,confidence,evidence_type
PION_001,Thales of Miletus,-624,-546,Greek (Ionian),Natural Philosophy,Proposed water as the fundamental material principle underlying all natural phenomena; rejected mythological causation in favour of natural explanations; predicted a solar eclipse.,"[{""idea"": ""Water as arch\u0113"", ""date"": ""c. 585 BCE"", ""description"": ""All things are made of or reducible to water; change is transformation of a single substance"", ""work"": ""Testimonia (Laks & Most)"", ""impact"": ""Established monistic natural philosophy as investigative programme""}, {""idea"": ""Natural explanation of phenomena"", ""date"": ""c. 580 BCE"", ""description"": ""Earthquakes arise from movement of water supporting Earth; no divine agency required"", ""work"": ""Testimonia"", ""impact"": ""Paradigm shift from mythological to naturalistic causation""}]","[{""title"": ""Testimonia (no surviving writings)"", ""date"": ""c. 600-580 BCE"", ""significance"": ""Reconstructed from later sources; earliest recorded natural philosophy""}]","Natural Philosophy, Cosmology, Mathematics",T2 (Celestial Studies): eclipse prediction; T9 (Formal Reasoning): early logical argument,"Anaximander, Anaximenes","No surviving writings; all attributions depend on later testimonia, primarily Aristotle; exact dates disputed","SRC_001, SRC_002, SRC_006",B,E2
PION_002,Anaximander of Miletus,-610,-546,Greek (Ionian),"Natural Philosophy, Cosmology",Proposed the apeiron (unlimited/indefinite) as the cosmic principle; developed a model of Earth unsupported in space; described life as arising from moisture through natural processes.,"[{""idea"": ""Apeiron as arch\u0113"", ""date"": ""c. 570 BCE"", ""description"": ""The unlimited and indefinite is the source of all things; avoids circularity of proposing any specific substance"", ""work"": ""On Nature (fragments)"", ""impact"": ""Introduced abstract theoretical entity beyond observable substances""}, {""idea"": ""Earth unsupported in space"", ""date"": ""c. 560 BCE"", ""description"": ""Earth floats at the centre of the cosmos without support, held by equal distances from all things"", ""work"": ""Testimonia"", ""impact"": ""First geometric cosmological model""}]","[{""title"": ""On Nature (Peri Physeos) \u2014 fragments only"", ""date"": ""c. 570 BCE"", ""significance"": ""Earliest surviving prose philosophical text; set template for natural-philosophical treatise""}]","Natural Philosophy, Cosmology, Evolutionary Theory",T2 (Celestial Studies): geometric cosmological model; T10 (Earth & Environment): naturalistic account of Earth's origin,"Thales, Anaximenes",Only a single fragment (the apeiron passage) is universally accepted; all else depends on later doxography,"SRC_001, SRC_002, SRC_018",B,E2
PION_003,Anaximenes of Miletus,-586,-526,Greek (Ionian),Natural Philosophy,Proposed air as the fundamental substance; explained all natural change through condensation and rarefaction; developed a mechanistic cosmology.,"[{""idea"": ""Air as arch\u0113 with condensation/rarefaction"", ""date"": ""c. 545 BCE"", ""description"": ""Air in its normal state is invisible; condensed it becomes cloud, water, earth; rarefied it becomes fire"", ""work"": ""Testimonia"", ""impact"": ""First mechanistic account of material transformation between states""}]","[{""title"": ""On Nature \u2014 fragments only"", ""date"": ""c. 545 BCE"", ""significance"": ""Introduced quantitative mechanism (density) into natural philosophy""}]",Natural Philosophy,,"Anaximander, Pythagoras",Only a few fragments survive; cosmological details reconstructed from Theophrastus' doxography,"SRC_001, SRC_002",B,E2
PION_004,Heraclitus of Ephesus,-535,-475,Greek (Ionian),"Natural Philosophy, Metaphysics",Proposed fire as the cosmic principle and logos (rational principle) governing perpetual natural change; argued that all things flow and that opposites are unified.,"[{""idea"": ""Perpetual flux and logos"", ""date"": ""c. 500 BCE"", ""description"": ""All things are in constant change; an underlying logos (rational measure) governs this flux; fire is the most fitting symbol of constant transformation"", ""work"": ""On Nature (fragments)"", ""impact"": ""Established change as fundamental reality; influenced Stoic logos doctrine""}, {""idea"": ""Unity of opposites"", ""date"": ""c. 500 BCE"", ""description"": ""Day and night, hot and cold, alive and dead are the same; reality requires both poles"", ""work"": ""On Nature (fragments)"", ""impact"": ""Foundation for dialectical thinking in natural philosophy""}]","[{""title"": ""On Nature \u2014 approximately 130 fragments"", ""date"": ""c. 500 BCE"", ""significance"": ""Enigmatic style; most preserved of pre-Socratics; deeply influenced Plato and Aristotle""}]","Natural Philosophy, Metaphysics",T9 (Formal Reasoning): dialectical logic,Parmenides,Famously obscure; scholarly interpretation of key fragments (e.g. river fragments) is disputed,"SRC_001, SRC_002, SRC_006",B,E2
PION_005,Parmenides of Elea,-515,-450,Greek (Eleatic),"Natural Philosophy, Logic","Argued through formal logical reasoning that true Being is one, unchanging, and eternal; his challenge to Ionian monism provoked atomist and pluralist responses.","[{""idea"": ""Logical requirements for natural accounts"", ""date"": ""c. 480 BCE"", ""description"": ""What-is cannot come from what-is-not; change and plurality are logically incoherent unless properly explained"", ""work"": ""On Nature (Way of Truth section)"", ""impact"": ""Forced subsequent natural philosophers to address logical coherence of change and plurality""}]","[{""title"": ""On Nature \u2014 two sections: Way of Truth and Way of Opinion"", ""date"": ""c. 480 BCE"", ""significance"": ""Most substantial surviving pre-Socratic text; established logical argumentation as requirement for natural philosophy""}]","Natural Philosophy, Logic, Metaphysics",T9 (Formal Reasoning): earliest sustained deductive argument,"Heraclitus, Anaxagoras",Whether his denial of change was meant literally or dialectically is debated; the Way of Opinion section is difficult to interpret,"SRC_001, SRC_002, SRC_010",B,E2
PION_006,Empedocles of Acragas,-494,-434,Greek (Sicilian),"Natural Philosophy, Medicine","Proposed four permanent elements (earth, water, air, fire) driven by Love and Strife; investigated respiration and blood; attempted mechanistic biology.","[{""idea"": ""Four-element theory"", ""date"": ""c. 460 BCE"", ""description"": ""Earth, water, air, and fire are permanent and indestructible; all change is mixture and separation of these four roots"", ""work"": ""On Nature"", ""impact"": ""Established four-element framework that dominated Western natural philosophy for 2000 years""}, {""idea"": ""Love and Strife as motive forces"", ""date"": ""c. 460 BCE"", ""description"": ""Cosmic attraction (Love) and repulsion (Strife) drive the cyclical mixing and separating of elements"", ""work"": ""On Nature"", ""impact"": ""First explicit theory of forces as distinct from matter""}]","[{""title"": ""On Nature and Purifications \u2014 fragments"", ""date"": ""c. 460 BCE"", ""significance"": ""Two poems; On Nature contains natural philosophy; among best-preserved pre-Socratics""}]","Natural Philosophy, Medicine, Cosmology",T4 (Life Studies): mechanistic account of respiration and perception,"Anaxagoras, Leucippus",Whether he was a physician or natural philosopher primarily is debated; some attributed fragments may not be authentic,"SRC_001, SRC_002, SRC_006",B,E2
PION_007,Anaxagoras of Clazomenae,-500,-428,Greek (Ionian),Natural Philosophy,Proposed infinite seed theory (spermata) with Nous (Mind) as organising principle; explained lunar light as reflected sunlight; brought natural philosophy to Athens.,"[{""idea"": ""Spermata and Nous"", ""date"": ""c. 460 BCE"", ""description"": ""Matter consists of infinite seeds of every quality; Nous (pure mind) initiated cosmic rotation and continues to organise the world"", ""work"": ""On Nature"", ""impact"": ""Separated mind from matter; influenced Plato and Aristotle's conception of intellect""}, {""idea"": ""Naturalistic astronomy"", ""date"": ""c. 450 BCE"", ""description"": ""Moon shines by reflected light from Sun; Sun is a fiery stone larger than the Peloponnese"", ""work"": ""Testimonia"", ""impact"": ""Applied natural explanation to celestial phenomena; charged with impiety in Athens""}]","[{""title"": ""On Nature \u2014 fragments"", ""date"": ""c. 460 BCE"", ""significance"": ""Brought Ionian natural philosophy to Athens; triggered Athenian engagement with natural inquiry""}]","Natural Philosophy, Astronomy",T2 (Celestial Studies): lunar reflected light,"Empedocles, Pericles",Tried for impiety in Athens (c. 437 BCE); extent of Nous's activity debated; whether spermata are qualitative or material is disputed,"SRC_001, SRC_002, SRC_006",B,E2
PION_008,Leucippus,,,Greek,"Natural Philosophy, Atomism",Originated atomic theory positing indivisible particles (atoms) moving in void space; established void as necessary for motion; proposed mechanistic causation without divine intervention.,"[{""idea"": ""Atoms and void"", ""date"": ""c. 440 BCE"", ""description"": ""Reality consists of atoms (indivisible, invisible particles) and void (empty space); atoms differ in shape and position"", ""work"": ""The Great World-System (attributed)"", ""impact"": ""Founded mechanistic account of matter; established void as ontological category""}]","[{""title"": ""The Great World-System \u2014 fragments/testimonia only"", ""date"": ""c. 440 BCE"", ""significance"": ""Possibly first statement of atomic theory; most claims transmitted through Democritus""}]","Natural Philosophy, Atomism",,"Democritus, Empedocles",Aristotle doubted his existence; all attributions may belong to Democritus; no certain surviving fragments,"SRC_031, SRC_010",C,"E2, E3"
PION_009,Democritus of Abdera,-460,-370,Greek (Thracian),"Natural Philosophy, Atomism, Mathematics","Systematized atomic theory explaining all sensory qualities through atomic configurations; extended atomism to psychology and cosmology; wrote works on mathematics, music, ethics, and language.","[{""idea"": ""Atomic explanation of qualities"", ""date"": ""c. 420 BCE"", ""description"": ""Sensory properties (sweet, bitter, hot) are not real but conventional; only atoms and void are real; qualities arise from atomic shape, arrangement, and position"", ""work"": ""The Great World-System; The Little World-System"", ""impact"": ""Most comprehensive ancient mechanistic materialism; influenced Epicurus directly""}, {""idea"": ""Atomic psychology"", ""date"": ""c. 420 BCE"", ""description"": ""Soul consists of smooth round fire-atoms; thought is atomic motion; sensation is atomic contact"", ""work"": ""On the Soul (fragments)"", ""impact"": ""Extended atomism to psychology; anticipated physicalist approaches to mind""}]","[{""title"": ""The Great World-System (Megas Diakosmos)"", ""date"": ""c. 420 BCE"", ""significance"": ""Most important work; no longer extant but extensively cited""}, {""title"": ""Numerous treatises on mathematics, music, ethics \u2014 all lost"", ""date"": ""c. 420-370 BCE"", ""significance"": ""Over 70 titles recorded; most comprehensive ancient natural philosopher""}]","Natural Philosophy, Atomism, Mathematics, Psychology",T5 (Mind & Society): atomic psychology; T9 (Formal Reasoning): logic of atomic explanation,"Socrates, Hippocrates",Plato reportedly wished to burn his books; extensive works all lost; some fragment attributions uncertain,"SRC_031, SRC_002, SRC_010",B,"E2, E3"
PION_010,Hippocrates of Kos,-460,-370,Greek,"Medicine, Natural Philosophy",Developed systematic observational medicine based on natural causes; separated medicine from supernatural explanation; authored or inspired the foundational Hippocratic Corpus.,"[{""idea"": ""Natural causation in medicine"", ""date"": ""c. 420 BCE"", ""description"": ""Diseases arise from natural causes (climate, diet, constitution) rather than divine punishment; observation of symptoms enables prognosis"", ""work"": ""On the Sacred Disease"", ""impact"": ""Separated rational medicine from religious healing; established prognosis as medical practice""}, {""idea"": ""Case-history method"", ""date"": ""c. 410 BCE"", ""description"": ""Systematic recording of disease progress, treatment, and outcomes across multiple patients"", ""work"": ""Epidemics I and III"", ""impact"": ""Foundation of clinical medical practice""}]","[{""title"": ""Hippocratic Corpus \u2014 collection of c. 60 texts"", ""date"": ""c. 430-200 BCE"", ""significance"": ""Foundational texts of Western medicine; established rational clinical approach""}]","Medicine, Natural Philosophy",T4 (Life Studies): observational natural history of the human body,"Democritus, Socrates",Historical Hippocrates is largely unknown; the Corpus was composed by multiple authors; attribution of specific texts to Hippocrates is uncertain,SRC_006,B,E2
PION_011,Plato,-428,-348,Greek (Athenian),"Philosophy, Natural Philosophy, Mathematics",Developed geometrical atomism in Timaeus using regular polyhedra; integrated mathematical forms with natural philosophy; established the Academy; influenced Aristotle and later Neoplatonism.,"[{""idea"": ""Geometrical atomism in Timaeus"", ""date"": ""c. 360 BCE"", ""description"": ""The four elements are composed of triangular faces arranged as regular polyhedra (fire=tetrahedron, water=icosahedron, earth=cube, air=octahedron)"", ""work"": ""Timaeus"", ""impact"": ""Integrated mathematics with material constitution; influenced Kepler's planetary model""}]","[{""title"": ""Timaeus"", ""date"": ""c. 360 BCE"", ""significance"": ""Principal Platonic natural philosophy text; dominant cosmological account until 17th century""}, {""title"": ""Republic; Phaedo; Meno"", ""date"": ""c. 380-360 BCE"", ""significance"": ""Philosophical framework underlying his natural philosophy""}]","Natural Philosophy, Mathematics, Metaphysics",T9 (Formal Reasoning): theory of Forms; T1 (Mathematical Sciences): mathematical reality,"Aristotle, Eudoxus",Whether Timaeus represents Plato's own cosmology or a thought-experiment is debated; geometrical atomism is scientifically distinct from Democritean atomism,"SRC_031, SRC_006",B,"E1, E2"
PION_012,Aristotle of Stagira,-384,-322,Greek (Macedonian),"Natural Philosophy, Biology, Logic, Metaphysics","Developed systematic natural philosophy covering physics, biology, psychology, and meteorology; established the Lyceum; classified hundreds of animal species through direct observation.","[{""idea"": ""Teleological natural explanation"", ""date"": ""c. 340 BCE"", ""description"": ""Natural things have purposes (telos) built into their natures; explanation of natural processes requires citing final causes alongside material, formal, and efficient causes"", ""work"": ""Physics; Parts of Animals"", ""impact"": ""Teleological framework dominated biology until Darwin""}, {""idea"": ""Hylomorphism"", ""date"": ""c. 340 BCE"", ""description"": ""Every natural object is composed of matter (hyle) and form (morphe); change is the actualization of potential"", ""work"": ""Physics; Metaphysics"", ""impact"": ""Provided alternative to atomism that was dominant in Western thought until 17th century""}]","[{""title"": ""Physics (Physica)"", ""date"": ""c. 340 BCE"", ""significance"": ""Eight books on natural change, motion, space, time; foundational for Western natural philosophy""}, {""title"": ""History of Animals (Historia Animalium)"", ""date"": ""c. 340 BCE"", ""significance"": ""First systematic zoology; classification of 500+ species""}]","Natural Philosophy, Biology, Logic, Psychology, Ethics",T4 (Life Studies): systematic biology; T9 (Formal Reasoning): syllogistic logic,"Plato, Theophrastus, Alexander the Great",Attribution of works in the corpus disputed; teleological explanation rejected by modern biology; geocentric cosmology superseded by Copernicus,"SRC_006, SRC_018, SRC_023, SRC_024",A,"E1, E2"
PION_013,Theophrastus of Eresus,-371,-287,Greek (Lesbian),"Natural Philosophy, Botany, Mineralogy",Succeeded Aristotle as head of the Lyceum; systematically investigated plants in Historia Plantarum and De Causis Plantarum; studied meteorology and mineralogy.,"[{""idea"": ""Systematic botany"", ""date"": ""c. 310 BCE"", ""description"": ""Classified approximately 500 plant species by morphology and ecology; distinguished trees, shrubs, subshrubs, and herbs"", ""work"": ""Historia Plantarum (Enquiry into Plants)"", ""impact"": ""Foundational text of Western botany; remained standard for 1500 years""}]","[{""title"": ""Historia Plantarum (Enquiry into Plants)"", ""date"": ""c. 310 BCE"", ""significance"": ""Nine-book systematic botany; foundational for Western botanical tradition""}, {""title"": ""De Lapidibus (On Stones)"", ""date"": ""c. 310 BCE"", ""significance"": ""Earliest systematic mineralogy text""}]","Botany, Mineralogy, Meteorology",T4 (Life Studies): systematic plant classification,"Aristotle, Euclid",Some works attributed to Theophrastus may have been composed by students,SRC_006,B,E2
PION_014,Euclid of Alexandria,,,Greek (Alexandrian),"Mathematics, Geometry",Compiled and systematized plane and solid geometry in Elements using axiomatic deduction; contributed to optics and mathematical astronomy.,"[{""idea"": ""Axiomatic geometry"", ""date"": ""c. 300 BCE"", ""description"": ""All of geometry derived from five postulates and common notions through strict deductive proof; each theorem established beyond doubt"", ""work"": ""Elements"", ""impact"": ""Defined mathematical rigour for 2000+ years; model for all axiomatic systems""}]","[{""title"": ""Elements (Stoicheia)"", ""date"": ""c. 300 BCE"", ""significance"": ""Thirteen books; most studied mathematical text in history; defined geometric proof""}, {""title"": ""Optics"", ""date"": ""c. 300 BCE"", ""significance"": ""First mathematical treatment of vision and perspective""}]","Mathematics, Optics, Astronomy",T1 (Mathematical Sciences): axiomatic method; T9 (Formal Reasoning): deductive proof,"Aristarchus, early Ptolemaic scholars",Essentially nothing is known of Euclid's life; dates and biographical details all uncertain; the Elements may be a compilation rather than a single composition,"SRC_016, SRC_015, SRC_025",A,"E1, E2"
PION_015,Archimedes of Syracuse,-287,-212,Greek (Sicilian),"Mathematics, Mechanics, Hydrostatics",Established principles of hydrostatics and lever mechanics with mathematical precision; calculated π; advanced infinitesimal methods; invented mechanical devices.,"[{""idea"": ""Principle of buoyancy"", ""date"": ""c. 250 BCE"", ""description"": ""A body immersed in fluid experiences upward force equal to weight of fluid displaced; enables calculation of densities"", ""work"": ""On Floating Bodies"", ""impact"": ""Founded hydrostatics as mathematical discipline""}, {""idea"": ""Mathematical mechanics"", ""date"": ""c. 250 BCE"", ""description"": ""Lever law: equal weights at equal distances balance; generalised to centre of gravity for plane figures"", ""work"": ""On the Equilibrium of Planes"", ""impact"": ""First rigorous mathematical treatment of mechanical phenomena""}]","[{""title"": ""On Floating Bodies"", ""date"": ""c. 250 BCE"", ""significance"": ""Founded mathematical hydrostatics""}, {""title"": ""Measurement of a Circle; On the Sphere and Cylinder"", ""date"": ""c. 250 BCE"", ""significance"": ""Advanced geometric methods; calculated \u03c0 between 223/71 and 22/7""}]","Mathematics, Mechanics, Hydrostatics, Engineering",T1 (Mathematical Sciences): infinitesimal methods; T8 (Practical Arts): mechanical devices,"Eratosthenes, Apollonius",Killed by Roman soldier despite instructions to spare him; some works known only from medieval Arabic transmission,"SRC_015, SRC_016, SRC_026",A,"E1, E2"
PION_016,Eratosthenes of Cyrene,-276,-194,Greek (Cyrenaean/Alexandrian),"Geography, Astronomy, Mathematics",Calculated Earth's circumference with remarkable accuracy using shadow angles; created a star catalog; developed systematic geographical mapping methods; headed the Library of Alexandria.,"[{""idea"": ""Geometric measurement of Earth's circumference"", ""date"": ""c. 240 BCE"", ""description"": ""Using shadow angles at Alexandria and Syene at summer solstice (7.2\u00b0 apart = 1/50 of full circle) and known distance between cities, calculated circumference at c. 250,000 stadia"", ""work"": ""On the Measurement of the Earth (lost; described by Cleomedes)"", ""impact"": ""First scientifically grounded measurement of Earth's size; remarkable accuracy""}]","[{""title"": ""On the Measurement of the Earth \u2014 lost; reconstructed"", ""date"": ""c. 240 BCE"", ""significance"": ""Pioneered quantitative physical geography""}, {""title"": ""Geographica \u2014 lost; reconstructed from Strabo"", ""date"": ""c. 220 BCE"", ""significance"": ""Systematic mathematical geography""}]","Geography, Astronomy, Mathematics",T2 (Celestial Studies): star catalog; T10 (Earth & Environment): physical geography,"Archimedes, Apollonius","Exact value of Eratosthenes' 'stade' unit disputed, making accuracy assessment uncertain; all major works lost",SRC_015,B,E2
PION_017,Aristarchus of Samos,-310,-230,Greek (Samian),"Astronomy, Mathematics",Proposed heliocentric model with Earth revolving around the Sun and rotating on its axis; attempted geometric measurement of the distances to the Sun and Moon.,"[{""idea"": ""Heliocentric cosmology"", ""date"": ""c. 270 BCE"", ""description"": ""Earth orbits the Sun annually and rotates daily; fixed stars are vastly more distant than the Sun; the solar system is vastly larger than previously conceived"", ""work"": ""On the Sizes and Distances of the Sun and Moon (surviving); heliocentric proposal via Archimedes"", ""impact"": ""First known heliocentric model; anticipates Copernicus by 1800 years""}]","[{""title"": ""On the Sizes and Distances of the Sun and Moon"", ""date"": ""c. 270 BCE"", ""significance"": ""Only surviving work; geometric method for relative distances; Sun correctly judged much larger than Earth""}]","Astronomy, Cosmology",T2 (Celestial Studies): heliocentric model,"Euclid, Eratosthenes",Heliocentric proposal known only through Archimedes and Plutarch; rejected by contemporaries; whether Aristarchus provided orbital parameters is unknown,SRC_015,B,E2
PION_018,Apollonius of Perga,-262,-190,Greek (Pamphylian/Alexandrian),"Mathematics, Astronomy",Developed comprehensive theory of conic sections; introduced epicycle model for planetary motion that became foundation of ancient astronomical modelling.,"[{""idea"": ""Conic sections as geometric objects"", ""date"": ""c. 220 BCE"", ""description"": ""Systematic treatment of ellipse, parabola, and hyperbola as sections of a cone; proved hundreds of properties; unified approach"", ""work"": ""Conics"", ""impact"": ""Foundation for later analytical geometry and for Kepler's elliptical orbits""}]","[{""title"": ""Conics (Konika) \u2014 7 of 8 books extant"", ""date"": ""c. 220 BCE"", ""significance"": ""Most advanced ancient pure mathematics; remained unsurpassed until 17th century""}]","Mathematics, Astronomy",T1 (Mathematical Sciences): conic sections; T2 (Celestial Studies): epicycle model,"Archimedes, Eratosthenes",Books 5-7 survive only in Arabic; Book 8 lost entirely; biographical details uncertain,"SRC_016, SRC_015",B,E2
PION_019,Hipparchus of Nicea,-190,-120,Greek (Bithynian),"Astronomy, Mathematics",Created the first comprehensive star catalog (850+ stars); discovered precession of the equinoxes; developed trigonometry for astronomical calculations; calculated lunar month length to within one second.,"[{""idea"": ""Precession of the equinoxes"", ""date"": ""c. 130 BCE"", ""description"": ""The vernal equinox shifts westward along the ecliptic approximately 1\u00b0 per 72 years (true value: 50.3\""/yr); caused by slow wobble of Earth's axis over ~26,000 years"", ""work"": ""On the Displacement of the Solsticial and Equinoctial Points (lost)"", ""impact"": ""Established long-term astronomical cycles; required more complex models""}, {""idea"": ""Systematic star catalog"", ""date"": ""c. 129 BCE"", ""description"": ""Catalog of 850+ stars with positions in ecliptic coordinates; triggered by nova observation; enabled precession discovery"", ""work"": ""Star catalog (preserved in Ptolemy's Almagest)"", ""impact"": ""First quantitative stellar catalog; set standard for 280 years""}]","[{""title"": ""Commentary on Aratus and Eudoxus \u2014 only surviving work"", ""date"": ""c. 140 BCE"", ""significance"": ""Demonstrates critical approach to earlier astronomical work""}, {""title"": ""Star catalog (reconstructed from Ptolemy)"", ""date"": ""c. 129 BCE"", ""significance"": ""First comprehensive quantitative catalog of star positions""}]","Astronomy, Trigonometry, Mathematics",T2 (Celestial Studies): quantitative observational astronomy; T1 (Mathematical Sciences): trigonometry,"Apollonius, Seleucus",Most works lost; all knowledge comes via Ptolemy; whether Ptolemy used or plagiarised his catalog is debated,"SRC_015, SRC_016",B,E2
PION_020,Mozi (Mo Di),-470,-391,Chinese (Song state),"Natural Philosophy, Logic, Ethics",Established the Mohist school; developed logical definitions of natural concepts; emphasised practical utility and universal concern as ethical framework for investigation.,"[{""idea"": ""Logical definitions of physical concepts"", ""date"": ""c. 430 BCE"", ""description"": ""Defined space as including all locations, time as including all periods; defined force, motion, and stillness with logical precision"", ""work"": ""Mozi \u2014 Canons sections"", ""impact"": ""Earliest systematic logical analysis of physical concepts in China""}, {""idea"": ""Universal concern as investigative ethic"", ""date"": ""c. 430 BCE"", ""description"": ""Investigation should serve the welfare of all; practical utility is the criterion for knowledge claims"", ""work"": ""Mozi"", ""impact"": ""Established pragmatic, utility-oriented approach to knowledge""}]","[{""title"": ""Mozi (Book of Master Mo)"", ""date"": ""c. 430-380 BCE"", ""significance"": ""Core Mohist texts including Canons with systematic natural definitions""}]","Logic, Ethics, Natural Philosophy",T9 (Formal Reasoning): systematic logical definitions,"Confucius' followers, early Daoist thinkers","Authorship of different sections disputed; later strata of Mozi written by followers, not Mozi himself","SRC_003, SRC_011, SRC_027",B,"E1, E2"
PION_021,Later Mohist Authors,-350,-250,Chinese,"Optics, Mechanics, Logic",Documented optical phenomena including pinhole imaging and mirror reflection; developed geometric and mechanical definitions; produced the most systematic ancient Chinese investigation of optics and mechanics.,"[{""idea"": ""Aperture (pinhole) imaging"", ""date"": ""c. 320 BCE"", ""description"": ""Light from an illuminated object passes through a small aperture and forms an inverted image; documented geometrically in the Canons"", ""work"": ""Mozi \u2014 Canons A and B"", ""impact"": ""Earliest recorded description of aperture imaging anywhere; predates European treatments by 1500 years""}, {""idea"": ""Reflection properties of mirrors"", ""date"": ""c. 320 BCE"", ""description"": ""Plane, convex, and concave mirrors produce different images; documented angles and image positions"", ""work"": ""Mozi \u2014 Canons"", ""impact"": ""Systematic optical observation; geometric analysis of reflections""}]","[{""title"": ""Mozi \u2014 Canons A, B and Explanations"", ""date"": ""c. 350-250 BCE"", ""significance"": ""Contains systematic optical and mechanical investigations; highly compressed technical language""}]","Optics, Mechanics, Logic",T9 (Formal Reasoning): logical paradox analysis,"Hui Shi, Gongsun Long",Authorship of the Canons sections is disputed; the text is notoriously difficult and partially corrupt,"SRC_003, SRC_011, SRC_027",B,"E1, E2"
PION_022,Zou Yan,-305,-240,Chinese (Qi state),"Cosmology, Natural Philosophy",Systematized yin-yang cosmology with the Five Phases (wuxing) cycle; applied cosmological cycles to historical change; taught at the Jixia Academy.,"[{""idea"": ""Systematic Five Phases cosmology"", ""date"": ""c. 270 BCE"", ""description"": ""Earth, Wood, Metal, Fire, and Water cycle through conquest and production sequences; all natural and historical change follows these patterns"", ""work"": ""Lost works; known through Shiji and other sources"", ""impact"": ""Established unified explanatory framework for astronomy, medicine, statecraft, and natural cycles""}, {""idea"": ""Historical cycles mapped to natural phases"", ""date"": ""c. 270 BCE"", ""description"": ""Each dynasty corresponds to a particular phase; transitions between dynasties follow the conquest sequence"", ""work"": ""Lost works; known through Shiji"", ""impact"": ""Integrated natural philosophy with political thought""}]","[{""title"": ""Works of Zou Yan \u2014 all lost; reconstructed from Shiji and L\u00fcshi Chunqiu"", ""date"": ""c. 270 BCE"", ""significance"": ""Needham described him as establishing 'the Chinese scientific world-picture'""}]","Cosmology, Natural Philosophy, Chinese Medicine",T2 (Celestial Studies): astronomical correlations; T7 (Historical Inquiry): historical cycles,"Xunzi, Mencius",All works lost; attributed to him mainly through Sima Qian's Shiji; the Jixia Academy context is clear but exact contributions are reconstructed,"SRC_003, SRC_008",B,E2
PION_023,Xunzi,-310,-235,Chinese (Zhao state),"Natural Philosophy, Ethics, Epistemology",Developed a naturalistic understanding of Heaven (tian) as operating according to regular patterns independent of human values; distinguished the natural from the social order; critiqued superstition.,"[{""idea"": ""Heaven as natural order"", ""date"": ""c. 260 BCE"", ""description"": ""Heaven (tian) operates according to constant patterns regardless of human virtue or vice; floods, eclipses, and famines are natural events, not signs of divine displeasure"", ""work"": ""Xunzi \u2014 chapter 17 (On Heaven)"", ""impact"": ""Advanced empirical-naturalistic approach to understanding non-human phenomena""}]","[{""title"": ""Xunzi \u2014 32 chapters"", ""date"": ""c. 260-235 BCE"", ""significance"": ""Comprehensive Confucian text including systematic natural philosophy chapter""}]","Natural Philosophy, Ethics, Political Philosophy",T5 (Mind & Society): naturalistic social theory,"Mencius, Zhuangzi",Whether Xunzi's naturalism is compatible with Confucian tradition is debated; two of his students founded Legalism,"SRC_008, SRC_017",B,E2
PION_024,Hui Shi,-380,-305,Chinese (Song state),"Logic, Natural Philosophy","Developed relativistic paradoxes examining continuity, spatial magnitude, and temporal change; argued through dialectical analysis that the universe is unified through relations.","[{""idea"": ""Relativistic paradoxes of space and time"", ""date"": ""c. 340 BCE"", ""description"": ""Ten paradoxes including: the largest has nothing beyond it; the smallest has nothing within it; space is not fixed; yesterday and today are identical. Challenges absolute distinctions in natural investigation"", ""work"": ""Paradoxes \u2014 transmitted in Zhuangzi ch. 33"", ""impact"": ""Sharpened conceptual analysis of space, time, and infinite divisibility""}]","[{""title"": ""Ten Theses (Shi Shi) \u2014 no surviving text; transmitted via Zhuangzi"", ""date"": ""c. 340 BCE"", ""significance"": ""Dialectical paradoxes parallel to Zeno's but independently developed""}]","Logic, Natural Philosophy",T9 (Formal Reasoning): logical paradox analysis,"Zhuangzi, Gongsun Long",All works lost; paradoxes transmitted only through Zhuangzi's account; whether Hui Shi and Zhuangzi were friends or rivals is debated,SRC_008,C,E2
PION_025,Gongsun Long,-325,-250,Chinese (Zhao state),"Logic, Natural Philosophy",Developed logical analyses of universals and particulars; argued for permanence of qualities and distinctions between linguistic and physical identity; advanced Chinese logical investigation.,"[{""idea"": ""White Horse Paradox"", ""date"": ""c. 280 BCE"", ""description"": ""'A white horse is not a horse' \u2014 the universal 'horse' and the complex 'white horse' are logically distinct; linguistic terms do not simply refer to physical objects"", ""work"": ""White Horse Discourse (Bai Ma Lun)"", ""impact"": ""Sharpened analysis of universals and particulars; logic of predication""}]","[{""title"": ""Gongsun Longzi \u2014 six texts (three extant)"", ""date"": ""c. 280 BCE"", ""significance"": ""Includes White Horse Discourse and Discourse on the Hardness of White (Stone); Chinese analytic philosophy""}]","Logic, Natural Philosophy",T9 (Formal Reasoning): analysis of predication and universals,"Hui Shi, Xunzi",Authenticity of surviving texts disputed; interpretations of White Horse paradox range from logical analysis to political allegory,SRC_008,C,E2
PION_026,Bian Que,-400,-310,Chinese,Medicine,Developed systematic diagnostic methods using pulse examination; emphasised observation and diet; advanced Chinese clinical medicine through systematic case documentation.,"[{""idea"": ""Pulse diagnosis"", ""date"": ""c. 360 BCE"", ""description"": ""Systematic examination of radial pulse to diagnose disease states; different pulse qualities correspond to different conditions"", ""work"": ""Case histories in Shiji (Sima Qian)"", ""impact"": ""Established pulse diagnosis as core of Chinese clinical medicine""}]","[{""title"": ""Case histories in Shiji biography"", ""date"": ""c. 100 BCE (recorded)"", ""significance"": ""Earliest detailed Chinese medical case histories; demonstrates systematic clinical observation""}]","Medicine, Natural Philosophy",T4 (Life Studies): systematic medical observation,Hippocrates (contemporary Greek physician),Largely legendary figure; the Shiji biography conflates multiple historical persons; exact dates uncertain,SRC_008,C,E2
PION_027,Zhuangzi (Zhuang Zhou),-369,-286,Chinese,"Natural Philosophy, Daoism",Developed naturalistic philosophy emphasising spontaneous processes and observation of natural patterns; provided philosophical foundation for Daoist engagement with transformation and proto-chemical observation.,"[{""idea"": ""Natural spontaneity (ziran)"", ""date"": ""c. 320 BCE"", ""description"": ""Things are naturally so (ziran); transformation proceeds without external direction; the sage observes natural processes without imposing artificial categories"", ""work"": ""Zhuangzi \u2014 Inner Chapters"", ""impact"": ""Established non-interventionist naturalistic observation as philosophical ideal""}]","[{""title"": ""Zhuangzi \u2014 Inner Chapters (7 chapters, attributed to Zhuangzi himself)"", ""date"": ""c. 320 BCE"", ""significance"": ""Major Daoist philosophical text; Inner Chapters are core; Outer and Mixed chapters added by followers""}]","Natural Philosophy, Daoism, Later Chinese Science",T5 (Mind & Society): philosophy of knowledge,"Hui Shi, Mencius",Only the Inner Chapters are certainly by Zhuangzi; Outer and Mixed chapters by multiple later hands; whether Zhuangzi knew Hui Shi personally is disputed,"SRC_003, SRC_008",B,E2
PION_028,Zhang Heng,78,139,Chinese (Han dynasty),"Astronomy, Engineering, Geography",Constructed an improved water-powered armillary sphere for continuous celestial observation; invented a seismoscope capable of detecting earthquake direction; advanced cartography and astronomical cataloguing.,"[{""idea"": ""Water-powered armillary sphere"", ""date"": ""c. 117 CE"", ""description"": ""Armillary sphere driven by clepsydra (water clock) to rotate in sync with the celestial sphere; enabled continuous automatic observation"", ""work"": ""Ling Xian (Spiritual Constitution of the Universe)"", ""impact"": ""Most advanced Chinese astronomical instrument of the era; made Chinese armillary independent from Greek development""}, {""idea"": ""Seismoscope (houfeng didong yi)"", ""date"": ""132 CE"", ""description"": ""Bronze vessel with pendulum mechanism; a ball drops into a toad's mouth in the direction of the seismic wave source"", ""work"": ""Hou Han Shu (Later Han History) record"", ""impact"": ""First instrument for detecting earthquake direction; not matched in Europe until 18th century""}]","[{""title"": ""Ling Xian (Spiritual Constitution of the Universe)"", ""date"": ""c. 120 CE"", ""significance"": ""Systematic astronomical text; describes celestial sphere model of cosmos""}]","Astronomy, Seismology, Cartography",T2 (Celestial Studies): armillary sphere; T10 (Earth & Environment): seismology,"Pliny the Elder, Ptolemy (approximate contemporaries across civilisations)",Seismoscope accounts depend on a single Han Shu entry; reconstruction disputed; whether it truly detected direction is questioned,SRC_003,B,E2
PION_029,Kaṇāda (Kashyapa),,,Indian,"Natural Philosophy, Ontology, Atomism",Composed the Vaiśeṣika Sūtra establishing six ontological categories and element-specific atomic theory of matter; founded the Vaiśeṣika school of systematic natural philosophy.,"[{""idea"": ""Element-specific atomism"", ""date"": ""c. 600-200 BCE"", ""description"": ""Matter is ultimately composed of indivisible param\u0101\u1e47u atoms of four types: earth, water, fire, and air; atoms combine by dyads and triads into perceptible objects"", ""work"": ""Vai\u015be\u1e63ika S\u016btra"", ""impact"": ""Established systematic atomic theory of matter in Indian philosophy; debated with Buddhist and Jaina alternatives for centuries""}, {""idea"": ""Six categories (pad\u0101rthas)"", ""date"": ""c. 600-200 BCE"", ""description"": ""Reality classified as: substance (dravya), quality (gu\u1e47a), motion (karman), universal (s\u0101m\u0101nya), particular (vi\u015be\u1e63a), and inherence (samav\u0101ya)"", ""work"": ""Vai\u015be\u1e63ika S\u016btra"", ""impact"": ""Systematic ontology that integrated natural philosophy with liberation doctrine""}]","[{""title"": ""Vai\u015be\u1e63ika S\u016btra"", ""date"": ""c. 600-200 BCE (dating disputed)"", ""significance"": ""Foundational text of Vai\u015be\u1e63ika school; earliest systematic Indian natural philosophy""}]","Atomism, Ontology, Natural Philosophy",T9 (Formal Reasoning): category logic,Unknown — dating range is too wide,Dating of Vaiśeṣika Sūtra is highly contested (600 BCE–200 CE range); some scholars date as late as 1st century CE; Kaṇāda may be a legendary attribution,"SRC_004, SRC_014, SRC_031, SRC_028",C,"E1, E2, E3"
PION_030,Gautama (Akṣapāda),,,Indian,"Epistemology, Logic, Natural Philosophy","Composed the Nyāya Sūtra establishing four valid means of knowledge (pramāṇas): perception, inference, comparison, and testimony; founded the Nyāya school of rigorous epistemology.","[{""idea"": ""Four pram\u0101\u1e47as (valid means of knowledge)"", ""date"": ""c. 400-200 BCE"", ""description"": ""Perception (pratyak\u1e63a), inference (anum\u0101na), comparison (upam\u0101na), and testimony (\u015babda) are the four legitimate sources of reliable knowledge about the natural world"", ""work"": ""Ny\u0101ya S\u016btra"", ""impact"": ""Established rigorous epistemological foundation for natural investigation; integrated with Vai\u015be\u1e63ika atomism into Ny\u0101ya-Vai\u015be\u1e63ika synthesis""}]","[{""title"": ""Ny\u0101ya S\u016btra"", ""date"": ""c. 400-200 BCE (dating disputed)"", ""significance"": ""Foundational text of Ny\u0101ya school; epistemology and logic for natural investigation""}]","Epistemology, Logic, Natural Philosophy",T9 (Formal Reasoning): systematic logic of inference,Unknown — dating too uncertain,The historical Gautama (Akṣapāda) is largely legendary; the sūtra likely composed over time by multiple authors; exact dating is debated,"SRC_009, SRC_004",C,E2
PION_031,Praśastapāda,500,600,Indian,"Atomism, Ontology","Wrote Padārthadharmasaṅgraha, the major commentary on Vaiśeṣika atomism; elaborated atomic combination from dyads to perceptible objects; systematised and clarified the school's positions.","[{""idea"": ""Staged atomic combination"", ""date"": ""c. 550 CE"", ""description"": ""Atoms combine pairwise into dyads (dvyanuka), then dyads combine into triads (tryanuka) which are first perceptible; each stage acquires new qualities not present in constituents"", ""work"": ""Pad\u0101rthadharmasa\u1e45graha"", ""impact"": ""Most systematic ancient account of how atoms produce perceptible matter; influenced subsequent Ny\u0101ya-Vai\u015be\u1e63ika tradition""}]","[{""title"": ""Pad\u0101rthadharmasa\u1e45graha (Compendium of the Characteristics of Categories)"", ""date"": ""c. 550 CE"", ""significance"": ""Most important Vai\u015be\u1e63ika text after the original S\u016btra; basis of all later Vai\u015be\u1e63ika commentary""}]","Atomism, Ontology",,Vasubandhu (approximate),Dates vary from 4th to 7th century CE; slightly outside the core period but foundational for the tradition,SRC_004,B,E2
PION_032,Dharmaśrī,150,250,Indian (Buddhist),"Buddhist Philosophy, Atomism",First Buddhist thinker to systematically develop material atomism in the Abhidharma tradition; distinguished Buddhist atoms from Vaiśeṣika element-specific atoms by emphasising momentariness.,"[{""idea"": ""Momentary material atoms"", ""date"": ""c. 200 CE"", ""description"": ""Material atoms are momentary events (dharmas) as well as spatial minima; matter is constituted by both spatial and temporal atomism simultaneously"", ""work"": ""Abhidharma texts (specific work uncertain)"", ""impact"": ""Established Buddhist atomistic metaphysics as distinct from Vai\u015be\u1e63ika permanent atoms""}]","[{""title"": ""Abhidharma treatises \u2014 specific works uncertain"", ""date"": ""c. 200 CE"", ""significance"": ""Represents earliest systematic Buddhist material atomism in Sarv\u0101stiv\u0101da tradition""}]","Buddhist Philosophy, Atomism",,Early Sarvāstivāda Abhidharma scholars,Attribution of specific innovations to Dharmaśrī versus earlier Abhidharma collective tradition is uncertain,SRC_005,C,E2
PION_033,Vasubandhu,400,480,Indian (Buddhist),"Buddhist Philosophy, Atomism, Epistemology",Composed Abhidharmakośabhāṣya presenting the most comprehensive Buddhist account of temporal and spatial atomism; later critiqued naïve atomism in Viṃśatikā; developed phenomenological alternative.,"[{""idea"": ""Buddhist atomism systematised"", ""date"": ""c. 440 CE"", ""description"": ""Comprehensive account: atoms are the minimal spatial units; aggregation of atoms produces perceptible objects; atoms have no intrinsic mass but collectively constitute material world"", ""work"": ""Abhidharmako\u015babh\u0101\u1e63ya"", ""impact"": ""Most authoritative Buddhist philosophical text; defined parameters of Buddhist atomism debate for all subsequent schools""}, {""idea"": ""Critique of naive atomism"", ""date"": ""c. 450 CE"", ""description"": ""In Vi\u1e43\u015batik\u0101, Vasubandhu argues that atoms cannot truly combine (no adhesion mechanism); consciousness-only (vij\u00f1aptim\u0101trat\u0101) alternative"", ""work"": ""Vi\u1e43\u015batik\u0101 (Twenty Verses)"", ""impact"": ""Turned Buddhist philosophy toward idealist critique of matter""}]","[{""title"": ""Abhidharmako\u015babh\u0101\u1e63ya (Treasury of Abhidharma)"", ""date"": ""c. 440 CE"", ""significance"": ""Most comprehensive Buddhist philosophical work; 9 chapters covering cosmology, matter, time, and liberation""}, {""title"": ""Vi\u1e43\u015batik\u0101 (Twenty Verses)"", ""date"": ""c. 450 CE"", ""significance"": ""Idealist critique of atomism; pivotal turn in Buddhist philosophy""}]","Buddhist Philosophy, Atomism, Epistemology",T5 (Mind & Society): consciousness-only theory,"Dignāga, Saṅghabhadra",Two Vasubandhus theory (Frauwallner) proposed that the Abhidharma and Yogācāra Vasubandhus were different people; now largely rejected,"SRC_005, SRC_013",B,E2
PION_034,Saṅghabhadra,400,500,Indian (Buddhist),"Buddhist Philosophy, Atomism",Developed Sarvāstivāda atomism as a realist counter to Vasubandhu's idealism; analysed the relationship between atoms and their aggregates; defended permanent atomic reality.,"[{""idea"": ""Realist Sarv\u0101stiv\u0101da atomism"", ""date"": ""c. 450 CE"", ""description"": ""Atoms are real, permanent (in the minimal sense of persisting through a moment), and spatially discrete; aggregates are conventionally but not ultimately real; counters Vasubandhu's idealism"", ""work"": ""Ny\u0101y\u0101nus\u0101ra (Accord with Correct Principle)"", ""impact"": ""Preserved Sarv\u0101stiv\u0101da realist tradition against idealist critique""}]","[{""title"": ""Ny\u0101y\u0101nus\u0101ra (Accord with Correct Principle)"", ""date"": ""c. 450 CE"", ""significance"": ""Major realist counter to Vasubandhu; only partly extant in Chinese translation""}]","Buddhist Philosophy, Atomism",,"Vasubandhu, Dignāga",Text survives only in Chinese translation; Indian original lost; dating uncertain,SRC_005,C,E2
PION_035,Dharmakīrti,600,660,Indian (Buddhist),"Buddhist Epistemology, Logic, Atomism",Systematised Buddhist epistemology in Pramāṇavārttika; analysed the epistemic status of perception and its relation to atomic constituents; most influential Buddhist epistemologist.,"[{""idea"": ""Epistemological foundation for atomism"", ""date"": ""c. 640 CE"", ""description"": ""Perception is of momentary atomic particulars (svalak\u1e63a\u1e47a); conceptual knowledge is constructed from these; rigorous account of how atomic reality is known through reliable inference (sv\u0101rth\u0101num\u0101na)"", ""work"": ""Pram\u0101\u1e47av\u0101rttika"", ""impact"": ""Most influential Buddhist epistemology; shaped Tibetan and East Asian Buddhist philosophy""}]","[{""title"": ""Pram\u0101\u1e47av\u0101rttika (Commentary on Valid Cognition)"", ""date"": ""c. 640 CE"", ""significance"": ""Systematic Buddhist logic and epistemology; foundational for Tibetan philosophical tradition""}]","Buddhist Epistemology, Logic, Atomism",T9 (Formal Reasoning): Buddhist formal logic,Chinese Xuanzang (contemporary translator),Slightly outside core period (≤600 CE); included for foundational importance to the tradition,SRC_031,B,"E2, E3"
PION_036,Umāsvāti (Umāsvāmin),150,400,Indian (Jain),"Jaina Philosophy, Atomism, Natural Philosophy","Composed the Tattvārtha Sūtra, the most authoritative Jaina philosophical text accepted by both major Jaina sects; systematised Jaina atomism of homogenous pudgala matter.","[{""idea"": ""Jaina atomism: homogenous pudgala matter"", ""date"": ""c. 200-350 CE"", ""description"": ""Matter (pudgala) consists of homogenous indivisible atoms (param\u0101\u1e47u); unlike Vai\u015be\u1e63ika element-specific atoms, all Jaina atoms are of one kind; atoms undergo fusion (pud) and fission (gala) to form aggregates"", ""work"": ""Tattv\u0101rtha S\u016btra 5.11, 5.25"", ""impact"": ""Distinguished Jaina atomism clearly from Vai\u015be\u1e63ika and Buddhist versions; canonical statement of Jaina natural philosophy""}]","[{""title"": ""Tattv\u0101rtha S\u016btra (That Which Is)"", ""date"": ""c. 200-350 CE (dating disputed: 2nd-5th century CE)"", ""significance"": ""Only Jaina text accepted by both \u015avet\u0101mbara and Digambara sects; foundational for Jaina metaphysics""}]","Jaina Philosophy, Atomism, Natural Philosophy",,Vasubandhu (approximate),Dating highly debated: estimates range from 2nd to 5th century CE; sect affiliation of Umāsvāti disputed between Śvetāmbara and Digambara,"SRC_004, SRC_031, SRC_019",C,"E2, E3"
PION_037,Marcus Terentius Varro,-116,-27,Roman,"Natural History, Agriculture, Grammar","Most prolific Roman scientific author; composed Res Rusticae on agriculture; wrote on geography, biology, and mathematics; transmitted Greek learning systematically into Latin.","[{""idea"": ""Encyclopedic transmission of Greek learning"", ""date"": ""c. 60 BCE"", ""description"": ""Systematic compilation of Greek natural philosophical and scientific knowledge into Latin works; Disciplinae (nine liberal arts) established curriculum model"", ""work"": ""Rerum Rusticarum; Disciplinae (mostly lost)"", ""impact"": ""Transmitted Greek learning to Latin tradition; established encyclopedic genre in Rome""}]","[{""title"": ""Rerum Rusticarum (On Rustic Matters)"", ""date"": ""c. 37 BCE"", ""significance"": ""Surviving agricultural encyclopaedia; systematic treatment of farming, animal husbandry, bee-keeping""}]","Natural History, Agriculture, Grammar",T6 (Language & Meaning): Latin grammar,"Caesar, Cicero, Lucretius",Most of his vast output (reportedly 620 books) is lost; the full scope of his scientific learning can only be partially reconstructed,SRC_012,B,E2
PION_038,Titus Lucretius Carus,-99,-55,Roman,"Natural Philosophy, Atomism, Poetry","Composed De Rerum Natura, a six-book didactic poem expounding Epicurean atomism; preserved and transmitted Greek atomism in Latin form; investigated optics, biology, and psychology.","[{""idea"": ""Epicurean atomism in Latin verse"", ""date"": ""c. 58 BCE"", ""description"": ""All things consist of atoms moving in infinite void; no divine creation or intervention; death is simply atomic dispersion; sensation arises from thin films of atoms (simulacra) streaming from objects"", ""work"": ""De Rerum Natura"", ""impact"": ""Most complete surviving ancient statement of atomism; rediscovered 1417 by Poggio Bracciolini and ignited Renaissance materialism""}]","[{""title"": ""De Rerum Natura (On the Nature of Things)"", ""date"": ""c. 60-55 BCE"", ""significance"": ""Six books; only major work; most complete ancient atomic theory text; enormously influential in early modern period""}]","Natural Philosophy, Atomism, Epicurean Philosophy",,"Cicero, Julius Caesar",Almost nothing is known of Lucretius' life; Jerome's claim that he was driven mad by a love potion is unsubstantiated; the poem may have been unfinished at his death,"SRC_031, SRC_029",B,"E1, E2"
PION_039,Pliny the Elder (Gaius Plinius Secundus),23,79,Roman,"Natural History, Encyclopaedism","Compiled Naturalis Historia, a 37-volume encyclopaedia covering astronomy, geography, zoology, botany, mineralogy, and medicine, citing over 2000 sources.","[{""idea"": ""Comprehensive natural encyclopaedia"", ""date"": ""c. 77 CE"", ""description"": ""Systematic coverage of all natural knowledge known to Rome: 10 books on animals, 12 on botany, 5 on minerals and medicine; cited Greek authorities extensively"", ""work"": ""Naturalis Historia"", ""impact"": ""Largest surviving Latin prose work; standard reference for natural knowledge until 12th century; preserved accounts of lost Greek works""}]","[{""title"": ""Naturalis Historia (Natural History)"", ""date"": ""77-79 CE"", ""significance"": ""37 books; ~20,000 facts; 473 named authors; most comprehensive ancient encyclopaedia""}]","Natural History, Encyclopaedism",T4 (Life Studies): zoology and botany; T10 (Earth & Environment): mineralogy,"Tacitus, Quintilian",Died observing Vesuvius eruption; famously uncritical compiler; modern scholarship distinguishes reliable from legendary material,"SRC_012, SRC_030",B,"E1, E2"
PION_040,Galen of Pergamon,129,216,Greek (Roman Empire),"Medicine, Anatomy, Natural Philosophy",Systematised medical anatomy and humoral theory through extensive anatomical investigation on animals; served as imperial physician; dominated Western medicine until the 17th century.,"[{""idea"": ""Systematic humoral anatomy"", ""date"": ""c. 175 CE"", ""description"": ""Four humours (blood, phlegm, yellow bile, black bile) correspond to Empedoclean elements; health is their balance; disease is imbalance; treatment restores balance; anatomy demonstrates teleological perfection of body parts"", ""work"": ""On the Natural Faculties; On Anatomical Procedures"", ""impact"": ""Medical authority in Europe and Islamic world until Vesalius (1543); defined anatomy as text-based and authoritative""}]","[{""title"": ""On the Natural Faculties (De Naturalibus Facultatibus)"", ""date"": ""c. 170 CE"", ""significance"": ""Physiological theory of digestion, blood, and vital spirits""}, {""title"": ""On Anatomical Procedures (De Anatomicis Administrationibus)"", ""date"": ""c. 175 CE"", ""significance"": ""Systematic anatomical investigation; based on animal dissection""}]","Medicine, Anatomy, Natural Philosophy",T4 (Life Studies): anatomy and physiology,"Marcus Aurelius, Cassius Dio","Based anatomy on animal dissection (pigs, Barbary apes) not human cadavers; errors persisted because his authority prevented correction; not Greek in nationality but wrote in Greek and worked in Roman Empire",SRC_012,B,E2
PION_041,Khalid ibn Yazid,668,704,Islamic,"alchemy, patronage",Early patron of Greek-to-Arabic translations; sponsored alchemical translations from Syriac and Greek; established precedent for royal patronage of scientific translation; attributed alchemical works largely pseudepigraphic,"[""Royal patronage of translation"",""Syriac-Arabic transmission of alchemy""]","[""Alchemical works attributed to Khalid (authenticity debated)""]","alchemy, chemistry",low,Jabir ibn Hayyan (attributed student),Most attributed alchemical corpus is pseudepigraphic; actual contributions uncertain,"SRC_036, SRC_053",B,E2
PION_042,Jabir ibn Hayyan (Geber),721,815,Islamic,"alchemy, chemistry, pharmacology","Corpus attributed to Jabir containing ~3000 works; systematic classification of substances into minerals, vegetables, animals; science of the balance (quantitative alchemy); sulfur-mercury theory of metals; distillation, calcination, crystallization procedures; described aqua regia dissolving gold","[""Science of the balance (ilm al-mizan)"",""Sulfur-mercury theory of metals"",""Systematic substance classification"",""Quantitative alchemy""]","[""Kitab al-Kimya"",""Book of Balances"",""Book of Seventy"",""Kitab al-Sabʾin""]","chemistry, pharmacy, metallurgy",major,"Al-Razi, Khalid ibn Yazid",The Jabirian corpus of ~3000 works was almost certainly composed by multiple authors over 8th-10th centuries; attribution to single historical Jabir is debated,"SRC_036, SRC_037",A,E2
PION_043,Hunayn ibn Ishaq (Johannitius),809,873,Islamic,"translation, medicine, optics","Master translator of Greek medical and scientific texts; translated 129 Galen treatises, Hippocrates, Ptolemy, Aristotle; refined translation methodology by checking multiple Greek manuscripts; expanded Arabic scientific vocabulary; his son Ishaq continued Aristotle translations","[""Multi-manuscript comparison for accurate translation"",""Systematic Arabic scientific terminology creation"",""Team translation with revision cycles""]","[""Risala (Letter on Galen translations)"",""Translations of Galen corpus"",""How to Distinguish Fake Medicines""]","medicine, philosophy, optics",major,"Al-Kindi, Thabit ibn Qurra, Al-Razi",Some translations attributed to Hunayn were completed by his circle rather than himself personally,"SRC_033, SRC_038",A,E2
PION_044,Al-Kindi (Alkindus),801,873,Islamic,"natural philosophy, optics, pharmacology, music theory","First major Islamic philosopher; synthesised Greek philosophy with Islamic thought; works on optics, geometry, music, pharmacology; developed theory of rays; established philosophical Arabic terminology; participated actively in translation movement","[""Theory of rays (optical and cosmic)"",""Classification of Aristotelian sciences"",""Integration of Greek philosophy with Islam""]","[""On First Philosophy"",""De Aspectibus (optics)"",""Pharmacological works""]","philosophy, optics, astronomy",significant,"Hunayn ibn Ishaq, Al-Farabi",Al-Kindi's astrological works later caused controversy with Islamic theologians,"SRC_033, SRC_035",A,E2
PION_045,Abu Bakr al-Razi (Rhazes),854,925,Islamic,"medicine, alchemy, philosophy","Greatest clinical physician of Islamic world; systematic observation and medical case documentation; classified substances into minerals, vegetables, animals; prepared sulfuric acid and ethanol; wrote Secret of Secrets on alchemy; Al-Hawi medical encyclopaedia; critical of Galen in some areas; pioneered clinical observation and comparative treatment","[""Clinical observation and case documentation"",""Substance classification system"",""Integration of alchemy with medicine"",""Critical evaluation of ancient medical authorities""]","[""Kitab al-Asrar (Secret of Secrets)"",""Al-Hawi (The Comprehensive Book)"",""Treatise on Smallpox and Measles""]","medicine, chemistry, pharmacy",major,"Ibn Sina, Al-Farabi, Hunayn ibn Ishaq",Some radical philosophical positions (e.g. rejection of prophethood) caused controversy in Islamic thought,"SRC_051, SRC_036",A,E2
PION_046,Al-Farabi (Alpharabius),872,950,Islamic,"philosophy, logic, music theory, political philosophy",Second Teacher (after Aristotle); systematic commentaries on Aristotle; developed political philosophy integrated with Neoplatonic emanation; logic treatises; classification of sciences; adapted Neoplatonic emanation theory to Islamic framework; musical theory treatises,"[""Classification of sciences"",""Neoplatonic emanation adapted to Islam"",""Systematic Aristotelian commentary tradition""]","[""Opinions of the Inhabitants of the Virtuous City"",""Attainment of Happiness"",""Grand Book of Music""]","philosophy, political science, logic",significant,"Al-Kindi, Ibn Sina",His Neoplatonic emanationism was later criticised by Al-Ghazali as incompatible with Islamic theology,"SRC_033, SRC_035",A,E2
PION_047,Al-Battani (Albategnius),858,929,Islamic,"astronomy, mathematics, trigonometry","Systematic astronomical observations over decades; accurate determination of solar year length; improved precession measurement; planetary orbit calculations; developed trigonometric functions (sine, cosine); compiled astronomical tables (Zij al-Sabi); his work cited by Copernicus and Kepler","[""Accurate solar year measurement"",""Improved precession constant"",""Trigonometric functions for astronomy""]","[""Zij al-Sabi (astronomical tables)""]","astronomy, mathematics",major,"Ibn Yunus, Al-Zarqali",Some observations difficult to verify independently; Zij al-Sabi survives in Latin translation only,"SRC_039, SRC_035",A,E2
PION_048,Ibn Sina (Avicenna),980,1037,Islamic,"medicine, philosophy, natural science, logic","Canon of Medicine (Al-Qanun) became most influential medical text for 600+ years; encyclopaedic Book of Healing covering philosophy and science; systematised logic, natural philosophy, metaphysics; developed rules for clinical drug trials; philosophical system integrating Aristotle and Neoplatonism with Islamic thought","[""Canonical medical encyclopaedia"",""Clinical drug trial methodology"",""Floating man thought experiment (self-awareness)"",""Avicennan essence-existence distinction""]","[""Al-Qanun fi al-Tibb (Canon of Medicine)"",""Kitab al-Shifa (Book of Healing)"",""Kitab al-Najat""]","medicine, philosophy, logic, natural science",major,"Al-Razi, Al-Farabi, Al-Biruni",Ibn Sina's philosophy later criticised by Al-Ghazali; some medical doctrines retained uncritically from Galen,"SRC_051, SRC_033",A,E2
PION_049,Al-Biruni,973,1050,Islamic,"astronomy, mathematics, geography, mineralogy, comparative studies","Polymath spanning astronomy, mathematics, geography, chronology; measured Earth's radius using mountain-height method; systematic study of Indian mathematics and astronomy; comparative cultural studies in Kitab al-Hind; mineralogy with specific gravity measurements; over 120 works","[""Earth radius measurement via mountain height"",""Comparative study of Indian and Islamic science"",""Specific gravity determinations for minerals""]","[""Kitab al-Hind (Book on India)"",""Al-Qanun al-Masudi (astronomical encyclopaedia)"",""Kitab al-Tafhim""]","astronomy, geography, comparative science",significant,"Ibn Sina, Nasir al-Din al-Tusi",His acceptance of heliocentrism as a mathematical possibility was noted but not developed further,"SRC_039, SRC_035",A,E2
PION_050,Ibn al-Haytham (Alhazen),965,1040,Islamic,"optics, mathematics, physics, astronomy","Book of Optics (Kitab al-Manazir, 1011-1021) revolutionised optics; established intromission theory of vision refuting Greek extramission; experimental analysis of light, reflection, refraction; camera obscura physics; psychology of visual perception; first systematic formulation of experimental scientific method with controlled testing and repeatability; over 90 works","[""Intromission theory of vision"",""Experimental scientific method with repeatability"",""Camera obscura analysis"",""Refraction and reflection laws""]","[""Kitab al-Manazir (Book of Optics)"",""On the Shape of the Eclipse"",""Discourse on Light""]","optics, physics, scientific methodology",foundational,"Ibn Sahl, Qutb al-Din al-Shirazi",His house arrest in Cairo under Caliph al-Hakim (during which he wrote Book of Optics) may be legendary; actual circumstances uncertain,"SRC_034, SRC_046",A,E2
PION_051,Al-Zahrawi (Abulcasis),936,1013,Islamic,"surgery, medicine, pharmacology",Al-Tasrif medical encyclopaedia in 30 volumes; detailed surgical techniques with first illustrated surgical textbook; described 200+ surgical instruments; dental surgery innovations; pharmacology and cauterization techniques; influenced European surgery for centuries,"[""Illustrated surgical instrument documentation"",""Systematic surgical technique classification"",""Integration of surgery with pharmacology""]","[""Al-Tasrif (Medical Encyclopaedia, 30 vols)""]","surgery, medicine, dentistry",major,"Al-Razi, Ibn Sina","Working in Al-Andalus (Cordoba), his access to full Islamic medical tradition was more limited than Eastern colleagues",SRC_051,B,E2
PION_052,Al-Khwarizmi,780,850,Islamic,"mathematics, algebra, astronomy",Established algebra as independent discipline in Hisab al-jabr w'al-muqabala; developed algorithms (his name gave term 'algorithm'); promoted Hindu-Arabic numerals; compiled astronomical tables (Zij al-Sindhind) adapting Indian sources; geography; word 'algebra' derives from title of his work,"[""Algebra as independent mathematical discipline"",""Algorithmic problem-solving procedures"",""Hindu-Arabic numeral promotion in Islamic world""]","[""Hisab al-jabr w'al-muqabala (Algebra)"",""Zij al-Sindhind (Astronomical Tables)"",""Kitab Surat al-Ard (Geography)""]","mathematics, astronomy, computation",foundational,"Al-Karaji, Thabit ibn Qurra","His work synthesised Greek, Indian, and Babylonian traditions; not fully original in any single thread","SRC_035, SRC_049",A,E2
PION_053,Ibn Rushd (Averroes),1126,1198,Islamic,"philosophy, medicine, law","Extensive Aristotle commentaries in three forms (short, middle, long); defended philosophy against theological attacks of Al-Ghazali; medical encyclopaedia; asserted eternity of world and universal causation; most influential Islamic thinker in Latin West; sparked Latin Averroism debate","[""Comprehensive Aristotle commentary tradition"",""Defence of philosophy against theological critique"",""Universal causation and eternity of world""]","[""Short, Middle, and Long Commentaries on Aristotle"",""Kulliyyat fi al-Tibb (Colliget - medical encyclopaedia)"",""Tahafut al-Tahafut (Incoherence of the Incoherence)""]","philosophy, theology, medicine",major,"Al-Farabi, Ibn Sina, Thomas Aquinas",Fell out of favour with Almohad rulers; some works burned; his Aristotelianism condemned at Paris in 1277,"SRC_033, SRC_038",A,E2
PION_054,Nasir al-Din al-Tusi,1201,1274,Islamic,"astronomy, mathematics, philosophy, ethics",Established Maragha Observatory with major instruments and international team; invented Tusi couple (mathematical device eliminating equant from planetary models); improved planetary models addressing Ptolemaic inconsistencies; ethics and philosophy; astronomical tables Zij-i Ilkhani; influenced Copernicus,"[""Tusi couple (mathematical device for planetary motion)"",""Institutional observatory model"",""Systematic planetary model revision""]","[""Zij-i Ilkhani (astronomical tables)"",""Memoir on Astronomy (correcting Ptolemy)"",""Nasirean Ethics""]","astronomy, mathematics, philosophy",major,"Al-Biruni, Qutb al-Din al-Shirazi, Ulugh Beg",His work under Mongol patronage after the fall of the Abbasid caliphate raises questions about continuity of Islamic scientific tradition,"SRC_039, SRC_035",A,E2
PION_055,Al-Karaji,953,1029,Islamic,"mathematics, algebra, hydraulic engineering",Advanced algebra including polynomial theory and early form of mathematical induction; hydraulic engineering treatise on subterranean waters; arithmetic and geometric series; integrated mathematical theory with practical engineering applications,"[""Polynomial algebra"",""Early mathematical induction"",""Hydraulic engineering mathematics""]","[""Al-Fakhri fi al-jabr (algebra)"",""Book of the Exploitation of Subterranean Waters""]","mathematics, engineering",significant,"Al-Khwarizmi, Omar Khayyam",Exact dates uncertain; lifespan reconstructed from references in his works,"SRC_035, SRC_049",A,E2
PION_056,Ibn Sahl,940,1000,Islamic,"optics, mathematics",Discovered law of refraction equivalent to Snell's law 600 years before Snell; geometric analysis of burning mirrors and lenses; analysis of how lenses focus light; his work On Burning Mirrors and Lenses directly influenced Ibn al-Haytham,"[""Law of refraction (pre-Snell discovery)"",""Geometric analysis of focusing lenses"",""Burning mirror mathematics""]","[""On Burning Mirrors and Lenses""]","optics, physics",significant,"Ibn al-Haytham, Al-Kindi",His work was unknown in Europe until rediscovered by Rashed in 1990s from manuscripts,SRC_035,B,E2
PION_057,Omar Khayyam (Umar Khayyam),1048,1131,Islamic,"mathematics, astronomy, poetry, philosophy",Geometric solutions to cubic equations; classification of cubic types by number of solutions; parallel postulate investigations; astronomical observations and calendar reform (Jalali calendar); algebra treatise; philosophical poetry (Rubaiyat),"[""Geometric solutions to cubic equations"",""Cubic equation classification"",""Calendar reform (Jalali calendar)""]","[""Treatise on Algebra"",""Rubaiyat (philosophical poetry)"",""Zij-i Malik-Shahi (astronomical tables)""]","mathematics, astronomy",significant,"Al-Karaji, Nasir al-Din al-Tusi",Best known in West for Rubaiyat poetry; mathematical contributions long undervalued in Western scholarship,SRC_035,B,E2
PION_058,Thabit ibn Qurra,826,901,Islamic,"mathematics, astronomy, translation, mechanics","Key translator of Syriac and Greek texts to Arabic including Euclid, Archimedes, Apollonius, Ptolemy; original mathematics on amicable numbers and proto-calculus concepts; astronomy and mechanics; medicine; participated centrally in House of Wisdom translation project","[""Amicable numbers"",""Extension of Pythagorean theorem to general triangles"",""Critical translation of Greek mathematical corpus""]","[""Book on the Measurement of Conic Sections"",""Book on the Composition of Ratios"",""Translations of Archimedes and Ptolemy""]","mathematics, astronomy, mechanics",significant,"Hunayn ibn Ishaq, Al-Battani",Sabian religious affiliation (non-Muslim) noted in Islamic sources; professional translation work under Abbasid patronage,"SRC_033, SRC_035",A,E2
PION_059,Ibn Yunus,950,1009,Islamic,"astronomy, mathematics, trigonometry",Al-Zij al-Kabir al-Hakimi (comprehensive astronomical tables); systematic observations from Cairo over decades; innovations in spherical trigonometry; eclipse observations; calculations enabling precise prayer time determination; possibly investigated pendulum motion,"[""Large-format astronomical tables (Hakimi Zij)"",""Spherical trigonometry innovations"",""Systematic multi-decade observational programme""]","[""Al-Zij al-Kabir al-Hakimi""]","astronomy, mathematics",significant,"Al-Battani, Al-Zarqali",Pendulum observations attributed to him by later sources are uncertain,SRC_039,B,E2
PION_060,Al-Zarqali (Arzachel),1029,1087,Islamic,"astronomy, instrument design",Improved astrolabe design (saphea Arzachelis - universal astrolabe); astronomical tables (Toledan Tables widely used in Europe); discovered solar apogee moves relative to fixed stars; systematic star position observations; greatest astronomer of Al-Andalus,"[""Universal astrolabe (saphea)"",""Toledan Tables of planetary motion"",""Solar apogee motion discovery""]","[""Toledan Tables"",""Book on the Movement of Fixed Stars""]","astronomy, instrument design",significant,"Al-Battani, Ibn Yunus",Working in Toledo; his tables later revised by Gerard of Cremona for Latin European use,SRC_039,B,E2
PION_061,Qutb al-Din al-Shirazi,1236,1311,Islamic,"astronomy, optics, medicine, philosophy",Comprehensive astronomical work; first correct explanation of rainbow through refraction and reflection in spherical water droplets; optics following Ibn al-Haytham tradition; medicine; philosophy; student of Nasir al-Din al-Tusi at Maragha,"[""Rainbow explanation via spherical water droplet optics"",""Continued Tusi couple planetary models"",""Optical analysis of reflection and refraction""]","[""The Pearly Crown in the True Science of Light"",""Limit of Attainment regarding Knowledge of the Heavens""]","optics, astronomy",significant,"Nasir al-Din al-Tusi, Ibn al-Haytham",Rainbow explanation developed independently of Theodoric of Freiberg who reached similar conclusion in Europe,SRC_035,B,E2
PION_062,Ulugh Beg,1394,1449,Islamic,"astronomy, mathematics",Established Samarkand Observatory (largest medieval observatory with 40-metre sextant); Zij-i-Sultani astronomical tables; star catalogue of 1018 stars with unprecedented accuracy; planetary observations; mathematical works; last great Islamic observational astronomer,"[""Samarkand Observatory construction"",""Star catalogue of 1018 stars"",""Highly accurate astronomical tables""]","[""Zij-i-Sultani (Guragan Tables)"",""Star Catalogue""]",astronomy,significant,"Nasir al-Din al-Tusi, Guo Shoujing",Murdered by his own son in 1449; observatory later destroyed; his tables preserved in manuscripts,"SRC_039, SRC_035",A,E2
PION_063,Shen Kuo,1031,1095,Chinese,"natural philosophy, astronomy, geology, mathematics, engineering","Dream Pool Essays (Mengxi Bitan) encyclopaedic work covering astronomy, mathematics, geology, palaeontology, physics, engineering; documented magnetic compass for navigation; first description of movable type printing (Bi Sheng); geological observations on fossils and land formation; astronomical observations and calendar reform","[""Fossil-based geological time reasoning"",""Magnetic compass navigation documentation"",""Systematic multi-disciplinary empirical observation""]","[""Mengxi Bitan (Dream Pool Essays, 1088)""]","astronomy, geology, natural philosophy",major,"Su Song, Bi Sheng",Some of his geological insights about fossil formation were far ahead of his time but had limited immediate influence,"SRC_041, SRC_042",A,E2
PION_064,Bi Sheng,990,1051,Chinese,printing technology,Invented movable type printing with individual clay characters (c. 1040); characters could be reused after printing; described by Shen Kuo in Dream Pool Essays; revolutionised text reproduction in Song China; preceded Gutenberg by 400 years,"[""Movable type with individual reusable clay characters"",""Mass text reproduction capability""]","[""Movable type printing system (no surviving texts)""]","printing, information technology",significant,Shen Kuo,Known only through Shen Kuo's description; no surviving examples of his clay type; exact process uncertain,SRC_041,B,E2
PION_065,Su Song,1020,1101,Chinese,"astronomy, mechanical engineering, pharmacology","Designed and built elaborate water-powered astronomical clock tower with armillary sphere, celestial globe, mechanical escapement, and automatic timekeeping; pharmacological classification treatises; diplomatic missions documenting astronomical differences between Chinese and foreign calendars; engineering administration","[""Water-powered astronomical clock with escapement"",""Integration of armillary sphere with mechanical clockwork"",""Systematic pharmaceutical classification""]","[""Xin Yi Xiang Fa Yao (New Design for a Mechanised Armillary Sphere and Celestial Globe)""]","astronomy, mechanical engineering",significant,"Shen Kuo, Guo Shoujing",Clock tower destroyed after Song dynasty fell; design reconstructed from his detailed illustrated manual,SRC_041,B,E2
PION_066,Song Ci,1186,1249,Chinese,"forensic medicine, law","Collected Cases of Injustice Rectified (Xi Yuan Ji Lu, 1247) — first systematic forensic science treatise; autopsy procedures for determining cause of death; drowning vs strangulation distinction; time of death estimation; poisoning detection methods; wound analysis","[""Systematic forensic autopsy methodology"",""Drowning versus strangulation differentiation"",""Legal cause-of-death determination""]","[""Xi Yuan Ji Lu (Collected Cases of Injustice Rectified, 1247)""]","forensic medicine, legal medicine",significant,Shen Kuo,His forensic methods represent a Chinese tradition of systematic legal investigation with few parallels in contemporary cultures,SRC_041,B,E2
PION_067,Guo Shoujing,1231,1316,Chinese,"astronomy, hydraulic engineering, instrument design","Reformed Chinese calendar (Shoushi calendar, accurate for centuries); designed improved astronomical instruments including gnomon and simplified armillary; systematic observational programme across China; hydraulic engineering for Grand Canal; late Yuan Dynasty continuation of Song astronomical tradition","[""Shoushi calendar reform"",""Simplified armillary sphere design"",""Multi-site astronomical observational programme""]","[""Shoushi Calendar (1281)"",""Various instrument designs""]","astronomy, engineering",significant,"Su Song, Shen Kuo",Worked under Mongol Yuan Dynasty patronage; his calendar was essentially the same as the Gregorian calendar adopted 300 years later,SRC_041,B,E2
PION_068,Gerard of Cremona,1114,1187,European,"translation, natural philosophy, astronomy, medicine","Most prolific Toledo translator; translated 87+ works from Arabic to Latin including Ptolemy's Almagest, Euclid's Elements, Ibn Sina's Canon of Medicine, Al-Khwarizmi's Algebra, works of Al-Razi, Jabir, and Aristotle (from Arabic); learned Arabic to access texts; trained students who continued translation work","[""87+ translations from Arabic to Latin"",""Access to complete Ptolemaic astronomical corpus for Europe"",""Transmission of Ibn Sina Canon to European medicine""]","[""Translations of: Ptolemy Almagest, Euclid Elements, Ibn Sina Canon, Al-Khwarizmi Algebra""]","astronomy, medicine, mathematics, philosophy",major,"Raymond of Toledo, Dominicus Gundissalinus, Michael Scot","Translation quality varies; some works translated via earlier Arabic translations of Greek, introducing compounded errors","SRC_038, SRC_039",A,E2
PION_069,Robert Grosseteste,1175,1253,European,"natural philosophy, optics, theology",Natural philosophy emphasising mathematics and optics; light metaphysics (lux as first form); experimental emphasis; commentaries on Aristotle's Physics and Posterior Analytics; rainbow studies; geometry of light propagation; promoted Greek and Arabic learning; translated Greek philosophical works; influenced Roger Bacon,"[""Light as first corporeal form (metaphysics of light)"",""Mathematical approach to natural philosophy"",""Experimental verification in optics""]","[""De Luce (On Light)"",""Commentaries on Aristotle's Posterior Analytics"",""On the Rainbow""]","optics, natural philosophy, theology",major,"Roger Bacon, Theodoric of Freiberg",His light metaphysics blends physics and theology in ways that later became separable only in retrospect,"SRC_044, SRC_043",A,E2
PION_070,Albertus Magnus (Albert the Great),1200,1280,European,"natural philosophy, theology, natural history","Made Aristotle accessible to Christian Europe through commentaries and paraphrases of complete Aristotelian corpus; original observations in botany, zoology, mineralogy; accepted alchemy as valid discipline; his student Thomas Aquinas continued the synthesis; integrated Greek and Islamic science with Christian theology; most encyclopaedic scholar of medieval Europe","[""Aristotelian naturalisation in Christian Europe"",""Original botanical and zoological observation"",""Synthesis of Greek, Islamic, and Christian natural knowledge""]","[""Commentaries on Aristotle"",""De Mineralibus"",""De Animalibus"",""Summa de Creaturis""]","natural philosophy, theology, natural history",major,"Thomas Aquinas, Roger Bacon",His acceptance of alchemy was controversial among later scholastics; some alchemical works attributed to him are spurious,"SRC_043, SRC_040",A,E2
PION_071,Roger Bacon,1220,1292,European,"natural philosophy, optics, mathematics, experimental science","Opus Majus (1267) advocating experimental science (scientia experimentalis); emphasised mathematics, optics, languages for understanding nature; studied rainbow and lenses; described gunpowder formula (first in Europe); criticised reliance on authority; optical studies following Ibn al-Haytham; proposed universal wisdom combining sciences under theology","[""Scientia experimentalis as explicit programme"",""Mathematical natural philosophy"",""Optical lens theory and rainbow studies""]","[""Opus Majus"",""Opus Minus"",""Opus Tertium""]","optics, experimental science, mathematics",major,"Robert Grosseteste, Theodoric of Freiberg",Faced ecclesiastical censure; imprisoned by Franciscan order for suspect doctrines; later rehabilitation may be exaggerated,"SRC_044, SRC_043",A,E2
PION_072,Thomas Aquinas,1225,1274,European,"theology, natural philosophy, ethics","Systematic synthesis of Aristotelian philosophy with Christian theology in Summa Theologica and Summa Contra Gentiles; natural philosophy within theological framework; analysis of causation, motion, change; established natural reason as valid path to knowledge alongside revelation; influenced all subsequent scholastic natural philosophy","[""Aristotelian-Christian philosophical synthesis"",""Natural reason as complement to divine revelation"",""Systematic teleological causation analysis""]","[""Summa Theologica"",""Summa Contra Gentiles"",""Commentaries on Aristotle""]","theology, philosophy, natural philosophy",major,"Albertus Magnus, John Buridan",Thomism became Catholic orthodoxy; this institutionalisation may have paradoxically slowed subsequent innovation,"SRC_043, SRC_040",A,E2
PION_073,John Buridan,1300,1358,European,"natural philosophy, logic",Developed impetus theory (precursor to momentum and inertia); challenged Aristotelian motion theory systematically; logical analysis of natural concepts; free fall analysis; Buridan's ass thought experiment on rational choice; quaestiones commentaries on Aristotle's Physics and De Caelo,"[""Impetus theory as precursor to momentum"",""Critique of Aristotelian forced motion"",""Quantitative free-fall analysis""]","[""Quaestiones on Aristotle's Physics"",""Quaestiones on De Caelo"",""Summulae de Dialectica""]","physics, mechanics",major,"Nicole Oresme, Thomas Aquinas",Impetus theory was not a full break with Aristotelianism; it remained within Aristotelian conceptual framework,"SRC_043, SRC_045",A,E2
PION_074,Nicole Oresme,1320,1382,European,"mathematics, natural philosophy, economics",Graphical representation of qualities and motion (proto-coordinate geometry); mean speed theorem; critiqued astrology systematically; discussed Earth's rotation as possible; analyses of infinity and infinite sets; economics of money debasement; translations of Aristotle into French,"[""Graphical latitude of forms (proto-coordinate geometry)"",""Mean speed theorem"",""Critique of astrology from natural philosophy""]","[""De configurationibus qualitatum et motuum"",""Livre du ciel et du monde (French Aristotle)"",""De Moneta""]","physics, mathematics, economics",major,"John Buridan, Galileo (influence on)",Some modern historians see Oresme as the most original thinker of the medieval period; this assessment is debated,"SRC_043, SRC_045",A,E2
PION_075,Raymond of Toledo (Raymond de Sauvetât),1125,1152,European,"institutional patronage, translation",Archbishop of Toledo who organised and patronised Toledo School of Translators; commissioned translations; assembled team; provided institutional cathedral library support; made Toledo primary centre for Arabic-to-Latin knowledge transmission in 12th century,"[""Institutional organisation of Toledo translation centre"",""Cathedral library as translation infrastructure""]","[""Patronage of translations (collective output)""]",institutional organisation,significant,"Gerard of Cremona, Dominicus Gundissalinus",His institutional role was crucial but scholarly contributions were organisational rather than intellectual,SRC_038,B,E2
PION_076,Dominicus Gundissalinus,1115,1190,European,"philosophy, translation","Archdeacon of Toledo; collaborated with Gerard of Cremona; translated philosophical works (Al-Farabi, Ibn Sina, Al-Ghazali, Avicebron) from Arabic to Latin; original philosophical works on soul and division of sciences; classification of sciences modelled on Al-Farabi","[""Philosophical translation of Islamic falsafa corpus"",""Classification of sciences for European audience""]","[""De Divisione Philosophiae"",""De Anima"",""Translations of Al-Farabi and Ibn Sina""]","philosophy, epistemology",significant,"Gerard of Cremona, Raymond of Toledo",His translations of philosophical works complemented Gerard's scientific translations; exact dates uncertain,SRC_038,B,E2
PION_077,Michael Scot,1175,1232,European,"translation, astrology, natural philosophy",Translated Aristotle's biological works and Ibn Rushd's (Averroes) commentaries from Arabic; astrology and alchemy; court scholar for Emperor Frederick II of Sicily; transmitted complete Aristotelian corpus with Islamic commentary to Europe,"[""Translation of Averroes commentaries on Aristotle"",""Court scholarship model for knowledge transmission""]","[""Translations of Aristotle De Animalibus"",""Translations of Averroes commentaries"",""Liber Introductorius (astrology)""]","natural philosophy, astrology",significant,"Gerard of Cremona, Albertus Magnus",His court astrology and alchemical reputation led to posthumous legendary status as magician,SRC_038,B,E2
PION_078,William of Moerbeke,1215,1286,European,"translation, philosophy","Translated Aristotle and ancient Greek scientific works directly from Greek to Latin (bypassing Arabic intermediary); translated Archimedes, Ptolemy, Hero of Alexandria; corrected earlier Arabic-based translations; enabled better understanding of original Greek texts; Thomas Aquinas used his translations","[""Direct Greek-to-Latin translations bypassing Arabic"",""Archimedes complete works in Latin"",""Correction of Arabic-mediated translation errors""]","[""Translations of Aristotle from Greek"",""Translations of Archimedes"",""Translations of Ptolemy Almagest from Greek""]","philosophy, mathematics, mechanics",significant,"Thomas Aquinas, Gerard of Cremona",His translations sometimes more literal than earlier ones; accuracy vs. readability trade-off debated,"SRC_038, SRC_040",A,E2
PION_079,Theodoric of Freiberg,1250,1310,European,"optics, natural philosophy",Experimental explanation of rainbow through refraction and reflection within spherical water droplets; optical experiments with glass spheres filled with water; analysis of refraction and reflection geometry; directly followed Ibn al-Haytham's experimental methods applied to specific natural phenomenon,"[""Correct experimental explanation of rainbow"",""Two-refraction one-reflection model of rainbow formation"",""Glass sphere as experimental model of water drop""]","[""De Iride et Radialibus Impressionibus (On the Rainbow)""]","optics, meteorology",significant,"Robert Grosseteste, Roger Bacon",His correct rainbow explanation was not widely known; independently replicated by Qutb al-Din al-Shirazi in the Islamic world at same period,SRC_044,B,E2
PION_080,Witelo (Vitello),1230,1314,European,"optics, natural philosophy",Perspectiva — comprehensive optical treatise based on Ibn al-Haytham's Book of Optics; transmitted Islamic optics systematically to Latin Europe; mathematical analysis of vision and light propagation; influential through Renaissance optics (Kepler studied it),"[""Systematic transmission of Ibn al-Haytham to Latin Europe"",""Mathematical optical treatise in Latin"",""Vision and light propagation analysis""]","[""Perspectiva (10 books on optics)""]",optics,significant,"Robert Grosseteste, Roger Bacon",Heavily dependent on Ibn al-Haytham; his own original contributions difficult to disentangle,SRC_040,B,E2
PION_081,Peter Peregrinus (Petrus Peregrinus de Maricourt),1220,1270,European,"magnetism, experimental philosophy",Epistola de Magnete (1269) — first systematic experimental study of magnetism in Europe; magnetic poles description and their properties; compass improvements with pivot and degree scale; experimental methodology applied to magnetic phenomena; military engineer who combined practical and theoretical knowledge,"[""Systematic experimental study of magnetic poles"",""Improved pivot compass with degree scale"",""Experimental methodology for magnetism""]","[""Epistola de Magnete (1269)""]","physics, magnetism",significant,"Roger Bacon, William Gilbert (later influenced)",Known only from single letter (Epistola); biographical details uncertain,SRC_043,B,E2
PION_082,Pseudo-Geber (Latin Alchemical Author),1280,1310,European,"alchemy, chemistry",Latin alchemical corpus under name Geber (Summa Perfectionis and related works); systematic presentation of alchemical operations; mineral acids preparation procedures; metallic transmutation theories and corpora theory of metals; most influential European alchemical texts for centuries; more systematic than most medieval European alchemy,"[""Corpuscular theory of metals for alchemy"",""Systematic Latin alchemical procedure documentation"",""Mineral acid preparation and use""]","[""Summa Perfectionis Magisterii"",""De Investigatione Perfectionis"",""De Inventione Veritatis""]","alchemy, chemistry",significant,"Albertus Magnus, Ramon Llull",Identity of Pseudo-Geber completely unknown; likely Italian or Spanish; appropriated Arabic name for authority,"SRC_036, SRC_037",B,E2
PION_083,Theophilus Presbyter,1070,1125,European,"craft knowledge, metallurgy, glass technology","De Diversis Artibus (On Divers Arts) — comprehensive craft manual covering metalworking, glassmaking, pigments, bell-casting, organ-building; detailed practical technical instructions for craftspeople; rare documentation of medieval craft knowledge that was normally transmitted only through apprenticeship","[""Systematic documentation of craft techniques"",""Integration of practical and theoretical craft knowledge"",""First comprehensive European craft manual""]","[""De Diversis Artibus (On Divers Arts, c.1120)""]","craft knowledge, technology",significant,Hugh of St. Victor,Theophilus is a pseudonym; the author's real identity unknown; possibly a German monk,SRC_052,B,E2
PION_084,Ramon Llull (Raymond Lully),1232,1316,European,"philosophy, logic, alchemy, theology",Ars Magna — combinatorial system for combining concepts and generating new knowledge; some authentic alchemical works and a large spurious corpus attributed to him; attempted synthesis of all knowledge into unified system; missionary efforts to convert Muslims and Jews; promoted learning of Arabic,"[""Ars Magna combinatorial knowledge system"",""Logical combination of concepts as knowledge generation"",""Encyclopaedic synthesis of philosophy and theology""]","[""Ars Magna"",""Ars Generalis Ultima"",""Ars Brevis""]","logic, alchemy, philosophy",significant,"Roger Bacon, Pseudo-Geber",The large alchemical Pseudo-Lullian corpus is largely spurious; his authentic alchemy is limited,SRC_037,B,E2
PION_085,Hugh of St. Victor,1096,1141,European,"educational philosophy, theology",Didascalicon — classification of knowledge and sciences; educational philosophy integrating practical and theoretical knowledge; mechanical arts given equal standing alongside liberal arts; influenced how medieval universities approached natural knowledge; provided intellectual framework for valuing practical investigation,"[""Classification of sciences including mechanical arts"",""Integration of practical and liberal learning"",""Educational framework for natural philosophy""]","[""Didascalicon (On the Study of Reading)"",""De Sacramentis""]","education, philosophy",significant,"Albertus Magnus, Robert Grosseteste",His valorisation of mechanical arts was ahead of its time but had limited immediate institutional impact,SRC_043,B,E2
PION_086,Paul of Aegina,625,690,Byzantine,"medicine, surgery","Medical Compendium (Epitome) in 7 books covering surgery, obstetrics, diseases, dietetics; synthesised Greek medical knowledge including Galen and Dioscorides; particularly detailed surgical sections; influenced Islamic medicine through Arabic translation; bridge between ancient Greek medicine and Islamic medical tradition","[""Systematic surgical compilation from Greek sources"",""Dietary and pharmaceutical synthesis"",""Medical bridge from ancient to Islamic world""]","[""Epitomae Medicae Libri Septem (Medical Compendium)""]","medicine, surgery",significant,"Hunayn ibn Ishaq (translated his works), Al-Razi",Working at end of Byzantine control of Alexandria; represents transmission of Alexandrian medical tradition,SRC_051,B,E2
PION_087,Leo the Mathematician (Leo the Philosopher),790,869,Byzantine,"mathematics, astronomy, philosophy","Head of imperial university in Constantinople; taught mathematics, astronomy, philosophy; copied and preserved ancient manuscripts including Euclid; developed optical signalling system using fire beacons; maintained Byzantine educational tradition during cultural crisis; attracted Caliph al-Mamun's interest in Byzantine scholarship","[""Imperial university head maintaining mathematical tradition"",""Manuscript preservation of Greek mathematical texts"",""Fire-beacon signalling system design""]","[""Various preserved manuscripts (collective contribution)""]","mathematics, education",significant,Michael Psellus,His career under multiple emperors reflects the precariousness of Byzantine intellectual life in iconoclast period,SRC_040,B,E2
PION_088,Michael Psellus,1018,1078,Byzantine,"philosophy, mathematics, medicine, rhetoric","Byzantine Renaissance figure; revived Platonic studies in Constantinople; encyclopaedic knowledge across medicine, mathematics, astronomy; commentaries on ancient texts (Aristotle, Plato, Euclid); influenced Byzantine intellectual revival; his pupil became patriarch; bridge to Italian Renaissance through Byzantine emigrés","[""Revival of Platonic studies in Byzantium"",""Encyclopaedic commentary on ancient philosophy"",""Intellectual bridge to Italian Renaissance""]","[""Chronographia (historical chronicle)"",""Commentaries on Aristotle and Plato"",""Encyclopaedic works on medicine and natural philosophy""]","philosophy, medicine, natural philosophy",significant,"Leo the Mathematician (predecessor), Italian Renaissance (later influence)",His political involvement in Byzantine court politics sometimes overshadows his scholarly contributions,SRC_040,B,E2
PION_089,Francis Bacon,1561,1626,England,"experimental philosophy, natural history",Lord Chancellor and philosopher; published Novum Organum (1620) systematising inductive method; critiqued Aristotelian deduction through Idols framework; proposed cooperative scientific research program; coined knowledge is power; critiqued received authorities in natural philosophy; influenced Royal Society founding though himself did few experiments,"[""Inductive method as systematic programme rejecting ancient authority"", ""Four Idols (Tribe, Cave, Marketplace, Theatre) as sources of false knowledge"", ""Cooperative collaborative science for practical human benefit""]","[""Novum Organum (1620)"", ""The Advancement of Learning (1605)"", ""New Atlantis (1627, posthumous)""]","experimental philosophy, natural history",Major (shaped Scientific Revolution methodology despite personal experimental limitations),"Galileo Galilei (contemporary methodological reformer), Royal Society founders (intellectual descendants)",Bacon himself did few experiments; his inductive method never fully implemented as he described; extent of his direct influence on specific scientists debated vs general intellectual climate,"SRC_057, SRC_056",A,E2
PION_090,Galileo Galilei,1564,1642,Italy,"mechanics, astronomy, optics, experimental philosophy","Professor at Pisa and Padua; combined mathematics with controlled experiments; inclined plane and pendulum studies on motion (1604-1638); telescope observations (1610) revealed Jupiter's moons, Venus phases, lunar mountains; advocated heliocentrism; Dialogo (1632) led to trial and house arrest; Discorsi (1638) established kinematics; foundational to physics, astronomy, and experimental method","[""Mathematical-experimental method combining measurement with mathematical analysis"", ""Inclined plane experiments showing distance proportional to square of time for free fall"", ""Telescope observations as astronomical evidence: Jupiter moons as mini solar system""]","[""Sidereus Nuncius (1610)"", ""Dialogo sopra i due Massimi Sistemi del Mondo (1632)"", ""Discorsi e Dimostrazioni Matematiche (1638)""]","mechanics, astronomy, experimental philosophy, optics",Foundational (multiple disciplines; trial became symbol of science-religion conflict),"Johannes Kepler (correspondence), Isaac Newton (built on his mechanics), Francis Bacon (parallel methodological reformer)","Priority of telescope invention disputed with Lippershey; tidal argument in Dialogo is wrong; extent of his precursors (Tartaglia, Benedetti) in mechanics debated","SRC_058, SRC_055",A,E2
PION_091,Johannes Kepler,1571,1630,Germany,"astronomy, optics, mathematics","Imperial Mathematician at Prague and Linz; derived three laws of planetary motion from Tycho Brahe observations (1609-1619); elliptical orbits replaced ancient circular assumption; equal areas law and harmonic law completed mathematical description of planetary motion; Astronomia Nova (1609), Harmonices Mundi (1619); also contributed to optics (Dioptrice 1611); attempted physical explanations of planetary motion through solar anima","[""First law: planetary orbits are ellipses with Sun at one focus"", ""Second law: line joining planet to Sun sweeps equal areas in equal times"", ""Third law: square of period proportional to cube of mean distance from Sun""]","[""Astronomia Nova (1609)"", ""Harmonices Mundi (1619)"", ""Epitome Astronomiae Copernicanae (1618-1621)""]","astronomy, mathematical physics",Foundational (laws Newton later explained through gravitation),"Tycho Brahe (supplied observational data), Isaac Newton (later explained Kepler's laws through gravitation), Copernicus (whose heliocentrism Kepler developed)",Kepler retained Pythagorean mysticism and musical harmonies alongside precise mathematical laws; maternal family suspected of witchcraft (mother tried for witchcraft 1615-1620); Kepler's explanation of force driving planets was wrong but laws correct,"SRC_055, SRC_062",A,E2
PION_092,William Gilbert,1544,1603,England,"magnetism, electricity, natural philosophy",Physician to Queen Elizabeth I; published De Magnete (1600) — first major experimental treatise in natural philosophy; systematically investigated magnetism; demonstrated Earth as giant magnet; distinguished electricity from magnetism; used term electricus for amber-like attraction; rejected medieval authorities through experiment; influenced Bacon and later experimental philosophers,"[""Earth behaves as large spherical magnet explaining compass needle inclination"", ""Electricity (amber-type attraction) distinct from magnetism"", ""Systematic experimental testing of claims replaces reliance on ancient textual authority""]","[""De Magnete Magneticisque Corporibus et de Magno Magnete Tellure (1600)""]","experimental philosophy, magnetism, electricity",Major (established experimental approach as model; influenced Bacon's methodology),"Francis Bacon (influenced his experimental philosophy), William Harvey (contemporary experimental approach)",Gilbert's electrical observations were qualitative and incomplete; his Earth-magnet theory qualitatively correct but mechanism wrong; extent of his electrical work as precursor to modern electricity is debated,"SRC_056, SRC_055",A,E2
PION_093,William Harvey,1578,1657,England,"physiology, anatomy, medicine",Physician to James I and Charles I; demonstrated blood circulation in De Motu Cordis (1628) through quantitative argument: if heart pumps half ounce per beat at 72 beats per minute that far exceeds liver production capacity proving blood must circulate; arteries and veins connected through capillaries hypothesised (later observed microscopically by Malpighi); overturned Galenic cardiovascular system through experiment,"[""Heart as mechanical pump driving continuous blood circulation through arteries and veins"", ""Quantitative argument: heart output rate is impossibly large unless blood recirculates"", ""Capillaries connecting arteries to veins completing circulatory loop""]","[""Exercitatio Anatomica de Motu Cordis et Sanguinis (1628)""]","physiology, medicine, experimental anatomy",Foundational (overturned Galenic cardiology; model of quantitative physiological argument),"Andreas Vesalius (anatomical predecessor), Marcello Malpighi (confirmed capillaries microscopically), Rene Descartes (mechanical physiology influenced by Harvey)",Harvey initially rejected by many physicians; he was wrong about some details (heartbeat mechanics) while correct about circulation; his discovery of capillaries had to wait for microscope confirmation by Malpighi (1661),"SRC_055, SRC_056",A,E2
PION_094,Tycho Brahe,1546,1601,Denmark,"astronomy, observational science",Danish nobleman with royal patronage for Uraniborg observatory on Hven island; made most precise pre-telescopic astronomical observations over 20 years; nova of 1572 showed celestial change contradicting Aristotelian immutability; comet of 1577 placed beyond Moon contradicting crystalline spheres; proposed Tychonic geo-heliocentric system (compromise); his observational data provided by Kepler after Tycho's death,"[""Unprecedented observational precision enabling Kepler to derive planetary laws"", ""Nova Stella (1572) demonstrated celestial change contradicting Aristotelian perfect unchanging heavens"", ""Comets beyond Moon disprove crystalline spheres as physical structures""]","[""Astronomiae Instauratae Mechanica (1598)"", ""Astronomiae Instauratae Progymnasmata (1602, posthumous)""]","astronomy, observational science",Major (data foundation for Kepler's laws and ultimately Newtonian gravitation),"Johannes Kepler (received and used his data), Nicolaus Copernicus (whose system Tycho modified)",Tycho's Tychonic system was mathematically equivalent to Copernican but physically geocentric; his relationship with Kepler was difficult; exact completeness and accuracy of his observations still assessed by historians,"SRC_055, SRC_056",A,E2
PION_095,Andreas Vesalius,1514,1564,Italy,"anatomy, medicine",Flemish anatomist at University of Padua; published De Humani Corporis Fabrica (1543) — comprehensive atlas based on systematic human dissection; corrected Galen's anatomical errors arising from animal dissection; detailed illustrations by Jan van Calcar (Titian's school); demonstrated direct observation superior to textual authority in anatomy; appointed physician to Holy Roman Emperor Charles V,"[""Systematic human dissection corrects Galenic errors based on animal analogy"", ""Detailed anatomical illustrations making anatomy teachable without direct observation"", ""Direct observation of human body replaces reliance on Galenic text authority""]","[""De Humani Corporis Fabrica (1543)"", ""Epitome (shorter version, 1543)""]","anatomy, medicine",Foundational (founded systematic human anatomy; observation over authority principle),"William Harvey (later experimental physiologist building on Vesalius corrections), Galen (whose errors Vesalius corrected)",Some of Vesalius corrections to Galen later corrected themselves; his dissection practice was controversial; he retained humoral theory despite anatomical corrections showing separation of anatomy and physiology,"SRC_055, SRC_056",A,E2
PION_096,Nicolaus Copernicus,1473,1543,Poland,"astronomy, mathematics",Polish canon and astronomer; published De Revolutionibus Orbium Coelestium posthumously (1543) proposing heliocentric system with Earth orbiting Sun; Earth rotation explains daily motion; retained circular orbits and epicycles; mathematical simplification over Ptolemaic system; conservative in some respects (circles retained) while revolutionary in removing Earth from cosmic centre; influenced by Platonic preference for mathematical elegance,"[""Earth orbits Sun with Sun near centre of planetary system (heliocentrism)"", ""Earth rotates on its axis daily explaining apparent motion of stars"", ""Heliocentric system mathematically simpler than geocentric system with its epicycles""]","[""De Revolutionibus Orbium Coelestium (1543)"", ""Commentariolus (c.1514, circulated in manuscript)""]",astronomy,Foundational (initiated Copernican Revolution displacing Earth from cosmic centre),"Tycho Brahe (modified his system), Johannes Kepler (extended and corrected), Galileo Galilei (advocated and confirmed)","Book published as Copernicus was dying; Osiander's preface (unauthorised) described heliocentrism as mathematical device not physical truth causing confusion; extent of influence of Maragha school (Tusi, Ibn al-Shatir) on Copernicus debated; Copernicus retained circles and epicycles limiting his reform","SRC_055, SRC_056",A,E2
PION_097,Rene Descartes,1596,1650,France,"natural philosophy, mathematics, physiology",French philosopher-mathematician; Discourse on Method (1637) and Principia Philosophiae (1644) established mechanical philosophy systematically; matter defined by extension alone; motion only by contact; vortex cosmology; created coordinate geometry (analytical geometry); mind-body dualism; mechanistic physiology (animals as automata); major influence on Continental natural philosophy until Newton,"[""Matter defined solely by geometric extension \u2014 no substantial forms or qualities"", ""All motion transmitted through direct contact \u2014 no action at distance"", ""Universe as vortex system of subtle matter carrying planets in orbits""]","[""Discourse on Method (1637)"", ""Meditations on First Philosophy (1641)"", ""Principia Philosophiae (1644)""]","natural philosophy, mathematics, physiology",Foundational (mechanical philosophy framework; coordinate geometry; rationalist method),"Pierre Gassendi (rival atomist), Isaac Newton (rejected vortex theory), Robert Boyle (applied corpuscular theory experimentally)",Cartesian vortex cosmology disproved by Newton; Descartes never performed systematic experiments himself; mind-body dualism created the mind-body problem; his physiology (including pineal gland as soul-body interface) was wrong; whether he secretly held different views (wrote Monde but withheld after Galileo trial) is debated,"SRC_059, SRC_055",A,E2
PION_098,Robert Boyle,1627,1691,Ireland,"experimental philosophy, chemistry, natural philosophy",Irish-born natural philosopher and prolific experimenter; Spring of Air (1660) — air pump experiments and Boyle's law (pressure-volume inversely proportional); Sceptical Chymist (1661) critiqued Aristotelian elements and Paracelsian principles; developed corpuscular matter theory; founder of Philosophical Transactions; still practiced alchemy despite criticising it; bridge figure between alchemy and chemistry,"[""Boyle's law: gas pressure and volume inversely proportional at constant temperature"", ""Corpuscular matter theory: all phenomena reducible to particles and their arrangements"", ""Elements defined operationally as substances not further decomposable by chemical means""]","[""New Experiments Physico-Mechanical Touching the Spring of Air (1660)"", ""The Sceptical Chymist (1661)"", ""The Origin of Forms and Qualities (1666)""]","experimental philosophy, chemistry",Major (bridge figure alchemy to chemistry; experimental natural philosophy model; Boyle's law foundational),"Francis Bacon (method inspiration), Robert Hooke (collaborator on air pump), Isaac Newton (exchange on matter theory)",Boyle continued alchemical practice while critiquing alchemy — his bridge role shows transition was gradual; his corpuscular theory less precise than Dalton's later atomic theory; Sceptical Chymist did not introduce modern element concept as sometimes claimed,"SRC_061, SRC_073",A,E2
PION_099,Christiaan Huygens,1629,1695,Netherlands,"mechanics, optics, horology",Dutch mathematician-physicist; pendulum clock (1656) enabling precision timekeeping; Horologium Oscillatorium (1673) — theoretical horology and centrifugal force; wave theory of light in Traite de la Lumiere (1690) — Huygens principle of wavefront propagation; discovered Titan (Saturn's moon); studied Saturn's rings; centrifugal force analysis; collision laws; worked at Paris Academie under French patronage,"[""Wave theory of light: light propagates as pulses in luminiferous medium (Huygens principle)"", ""Pendulum clock: isochronous pendulum regulates mechanical clock enabling precision timekeeping"", ""Centrifugal force: mathematical analysis of circular motion acceleration""]","[""Horologium Oscillatorium (1673)"", ""Traite de la Lumiere (1690)"", ""Systema Saturnium (1659)""]","mechanics, optics, horology, astronomy",Major (wave optics alternative to Newton; precision timekeeping foundational to astronomy and navigation),"Isaac Newton (rival optical theory), Gottfried Leibniz (philosophical exchange), Giovanni Cassini (astronomical colleague Paris)",Wave theory ignored for century in favour of Newton's corpuscular theory; Huygens never explained polarisation (wave theory limitation); his pendulum clock longitude solution did not work at sea due to pendulum sensitivity to ship motion,"SRC_055, SRC_071",A,E2
PION_100,Evangelista Torricelli,1608,1647,Italy,"mathematics, physics, instruments",Italian mathematician and physicist; student and successor to Galileo; invented mercury barometer (1643) demonstrating atmospheric pressure holds mercury column — vacuum above mercury challenged Aristotle's horror vacui; Opera Geometrica (1644) on geometry and fluid dynamics; analysed projectile motion mathematically; died young at 39,"[""Barometer: mercury column height measures atmospheric pressure \u2014 vacuum above mercury is real"", ""Atmospheric pressure exerts force in all directions demonstrating air has weight"", ""Torricelli's theorem: velocity of fluid outflow proportional to square root of height""]","[""Opera Geometrica (1644)"", ""Letter to Ricci on barometer experiments (1644)""]","physics, instrument-making, mathematics",Significant (barometer foundational instrument; demonstrated real vacuum against Aristotelian denial),"Galileo Galilei (teacher), Blaise Pascal (extended barometer to atmospheric pressure altitude studies), Otto von Guericke (developed air pump inspired by vacuum experiments)",Credit for barometer invention occasionally disputed with other experimenters; Torricelli died before fully developing implications of his vacuum experiments,"SRC_055, SRC_071",A,E2
PION_101,Otto von Guericke,1602,1686,Germany,"experimental physics, instruments",Mayor of Magdeburg and experimental physicist; invented air pump (1650s) enabling vacuum experiments; Magdeburg hemispheres demonstration (1654) — two teams of horses could not pull apart evacuated copper hemispheres showing atmospheric pressure; vacuum experiments confirmed Torricelli and challenged Aristotelian vacuum denial; also conducted electrical experiments developing one of first electrostatic generators,"[""Air pump creates partial vacuum enabling controlled experiments on atmospheric pressure and air properties"", ""Magdeburg hemispheres dramatic demonstration of atmospheric pressure magnitude"", ""Electrostatic generator as first device for producing static electricity on demand""]","[""Experimenta Nova (1672)""]","experimental physics, instruments",Significant (air pump enabled vacuum experiments central to mechanical philosophy; electrostatic generator enabled electrical research),"Evangelista Torricelli (whose vacuum results Guericke extended), Robert Boyle (who improved air pump design independently), Robert Hooke (who collaborated with Boyle on improved pump)",Guericke's air pump was less efficient than later versions; his electrostatic generator description incomplete; Magdeburg hemispheres demonstration was dramatic performance science as much as careful experiment,"SRC_071, SRC_055",A,E2
PION_102,Robert Hooke,1635,1703,England,"experimental philosophy, microscopy, instruments","Curator of Experiments at Royal Society performing weekly demonstrations; Micrographia (1665) — first major work of microscopy with detailed illustrations including cell structure in cork; coined term cell; Hooke's law of elasticity; proposed inverse square gravity before Newton; designed telescopes, microscopes, air pumps; versatile experimentalist combining natural philosophy with instrument design","[""Cell: cork structure revealed by microscope showing biological organisation at microscopic scale"", ""Hooke's law: elastic force proportional to extension within elastic limit"", ""Inverse square gravity hypothesis prior to Newton's Principia""]","[""Micrographia (1665)"", ""Lectures De Potentia Restitutiva (1678, Hooke's law)""]","experimental philosophy, microscopy, instruments, mechanics",Major (microscopy pioneer; cell concept; elasticity law; versatile contributions across multiple fields),"Isaac Newton (bitter priority dispute over gravity), Robert Boyle (air pump collaborator), Christopher Wren (architectural collaborator after Great Fire)",Newton-Hooke priority dispute over inverse square gravity bitter and unresolved; Hooke left no portrait (possible deliberate destruction by Newton); his wide-ranging contributions sometimes mean individual achievements underestimated relative to Newton,"SRC_055, SRC_071",A,E2
PION_103,Pierre Gassendi,1592,1655,France,"natural philosophy, astronomy, mathematics",French philosopher and astronomer; revived Epicurean atomism adapting it to Christianity; argued atoms created by God rather than eternal; empiricist epistemology challenging Descartes rationalism; observed Mercury transit (1631) confirming Kepler prediction; critiqued Descartes systematically; influenced Royal Society founders through empiricist approach,"[""Atoms created by God not eternal \u2014 Christian atomism reconciling ancient materialism with theology"", ""Empiricist epistemology: knowledge from sensory experience not innate ideas \u2014 critiques Descartes"", ""Revival of Epicurean philosophy including atomism as legitimate natural philosophy""]","[""Syntagma Philosophicum (1658, posthumous)"", ""Animadversiones in decimum librum Diogenis Laertii (1649)""]","natural philosophy, atomism",Significant (major alternative mechanical philosopher; Christian atomism; empiricist influence on Royal Society),"Rene Descartes (philosophical rival), Pierre de Fermat (mathematical correspondent), Henry Oldenburg (correspondence spreading his ideas to England)",Gassendi's atomism less mathematically developed than later Newtonian corpuscularism; his reconciliation of atomism with Christianity required awkward manoeuvres on atomic eternity; his empiricism less developed than Locke's later systematic version,SRC_055,B,E2
PION_104,Isaac Newton,1642,1727,England,"mathematics, physics, optics, alchemy","Lucasian Professor of Mathematics at Cambridge; Principia Mathematica (1687) — three laws of motion, universal gravitation, unified terrestrial and celestial mechanics; Opticks (1704) — spectrum analysis, corpuscular light theory; calculus (independently with Leibniz); elected President of Royal Society 1703-1727; Warden and Master of Royal Mint; also practiced extensive alchemy and biblical chronology","[""Universal gravitation: every particle attracts every other with force proportional to product of masses and inversely proportional to square of distance"", ""Three laws of motion: inertia, F=ma, action-reaction \u2014 universal laws governing all mechanical motion"", ""Spectrum analysis: white light composed of constituent colours separable by prism""]","[""Philosophiae Naturalis Principia Mathematica (1687)"", ""Opticks (1704)"", ""Method of Fluxions (written 1671, published 1736)""]","mathematics, physics, astronomy, optics",Foundational (most influential scientist of Scientific Revolution; Newtonian framework dominated physics until Einstein),"Gottfried Leibniz (calculus priority dispute), Robert Hooke (gravity priority dispute), Edmund Halley (prompted and financed Principia publication)",Newton practiced alchemy extensively — this was long suppressed; Leibniz-Newton calculus war was bitter and had nationalist dimensions; Newton delayed publishing for decades; his theology (anti-Trinitarian) kept secret; 'action at distance' gravity troubled him philosophically,"SRC_063, SRC_062, SRC_064",A,E2
PION_105,Edmond Halley,1656,1742,England,"astronomy, mathematics, geophysics",Astronomer and promoter of natural philosophy; persuaded Newton to write and financed publication of Principia (1687); calculated comet orbit predicting return in 1758-1759 confirming Newtonian gravitation; discovered stellar proper motion; mapped southern stars; Astronomer Royal 1720-1742; mortality tables for actuarial use; deep sea diving bell; attempted longitude solution,"[""Halley's comet orbit calculation predicting 1758 return demonstrates predictive power of Newtonian gravitation"", ""Stellar proper motion: stars not fixed but move slowly demonstrating dynamic cosmos"", ""Mortality tables based on Breslau data enabling actuarial calculation""]","[""Astronomiae Cometicae Synopsis (1705)"", ""Catalogus Stellarum Australium (1679)""]","astronomy, applied mathematics",Major (secured Newtonian revolution through Principia; comet prediction verified Newton after his death),"Isaac Newton (closest collaborator and promoter), John Flamsteed (strained relationship as first Astronomer Royal)",Halley's relationship with Flamsteed badly damaged from disputes over star data; his attempt at longitude determination failed; some dispute whether he actually paid for Principia himself,"SRC_055, SRC_062",A,E2
PION_106,Gottfried Wilhelm Leibniz,1646,1716,Germany,"mathematics, natural philosophy, logic","German polymath; calculus (independently 1675-1684, notation dx and integral sign became standard); vis viva (kinetic energy concept mv2 not mv); monadology metaphysics; founded Berlin Academy (1700); critiqued Newtonian absolute space and action at distance; logic contributions; diplomatic career; correspondence network across Europe; his calculus notation universally adopted","[""Calculus developed independently of Newton with better notation (dx, integral sign) that became standard"", ""Vis viva (living force) mv2 as conserved quantity in elastic collisions \u2014 precursor to kinetic energy"", ""Monads as ultimate constituents of reality \u2014 mathematical points of force not material atoms""]","[""Nova Methodus pro Maximis et Minimis (1684, calculus)"", ""Nouveaux Essais sur l'Entendement Humain (1704)"", ""Monadologie (1714)""]","mathematics, physics, philosophy",Foundational (calculus notation; kinetic energy concept; Berlin Academy founder; rationalist philosophy),"Isaac Newton (calculus priority war), Christian Wolff (student and systematiser), Samuel Clarke (debate on space and time)",Newton-Leibniz calculus dispute was bitter national controversy; Leibniz accused of plagiarism; posthumous reputation damaged by priority dispute though modern assessment vindicates independent derivation; his monadology had little scientific impact,"SRC_055, SRC_064",A,E2
PION_107,Leonhard Euler,1707,1783,Switzerland,"mathematics, physics","Most prolific mathematician in history; worked in St. Petersburg and Berlin academies; developed analytical mechanics extending Newton; fluid dynamics foundational papers; calculus of variations; graph theory; number theory; introduced notation e, i, pi, f(x), summation sigma; Mechanica (1736-1737) reformulated Newton's mechanics analytically; continued working after going blind in 1766","[""Analytical mechanics: Newton's laws reformulated analytically enabling systematic solution of complex mechanical problems"", ""Euler equations for fluid dynamics as fundamental governing equations"", ""Euler's identity e^(i*pi) + 1 = 0 connecting fundamental mathematical constants""]","[""Mechanica (1736-1737)"", ""Introductio in Analysin Infinitorum (1748)"", ""Institutiones Calculi Differentialis (1755)""]","mathematics, physics",Foundational (most prolific mathematician; analytical mechanics; notation creator; fluid dynamics),"Johann Bernoulli (teacher), Daniel Bernoulli (colleague), Jean le Rond d'Alembert (correspondent and sometimes rival)",Euler's blindness after 1766 did not slow his output (dictated papers); his prolific output means not all works equally significant; his analytical approach sometimes obscures physical intuition compared to Newton's geometric methods,"SRC_067, SRC_055",A,E2
PION_108,Pierre-Simon Laplace,1749,1827,France,"mathematics, astronomy, probability","French mathematician-astronomer; Mecanique Celeste (5 volumes, 1799-1825) comprehensively applied Newtonian gravitation to solar system demonstrating stability; nebular hypothesis of solar system formation; Laplace's equation and Laplacian operator; probability theory including Bayesian inference; deterministic universe (Laplace's demon); Laplace transform; Napoleon's scientific advisor","[""Celestial mechanics: comprehensive Newtonian analysis demonstrating solar system stability over long time"", ""Nebular hypothesis: solar system formed by contraction of rotating gas cloud"", ""Laplace's demon: if an intellect knew position and momentum of every particle it could predict all future and past""]","[""Traite de Mecanique Celeste (1799-1825)"", ""Theorie Analytique des Probabilites (1812)"", ""Exposition du Systeme du Monde (1796)""]","astronomy, mathematics, probability",Foundational (completed Newtonian celestial mechanics; probability theory; deterministic worldview),"Leonhard Euler (mathematical predecessor), Pierre-Simon Laplace (self), Napoleon Bonaparte (patron and interlocutor)",Laplace is said to have answered Napoleon that he had no need of the hypothesis of God; his determinism is philosophically controversial; some of his stability proofs were later found to be incomplete,"SRC_067, SRC_055",A,E2
PION_109,Joseph-Louis Lagrange,1736,1813,Italy,"mathematics, mechanics",Italian-French mathematician; Mecanique Analytique (1788) reformulated entire mechanics analytically without geometric diagrams; Lagrangian mechanics using generalised coordinates; calculus of variations (Euler-Lagrange equations); number theory; mathematical astronomy; worked at Berlin Academy (1766-1787) and Paris Polytechnique; survived French Revolution unlike Lavoisier,"[""Lagrangian mechanics: generalised coordinates and principle of least action reformulate Newtonian mechanics without geometry"", ""Calculus of variations: Euler-Lagrange equations determining curves that extremise functionals"", ""Analytical approach to mechanics: entire mechanics derived from single variational principle""]","[""Mecanique Analytique (1788)"", ""Theorie des Fonctions Analytiques (1797)""]","mathematics, mechanics",Major (Lagrangian formulation bridging Newton and modern physics; analytical method),"Leonhard Euler (whose variational work Lagrange extended), Pierre-Simon Laplace (colleague in Paris), William Rowan Hamilton (later extended Lagrangian mechanics)",Lagrange's Mecanique Analytique famously contains no geometric diagrams; his analytical purity was philosophical position but sometimes sacrificed physical intuition; Hamilton's later formulation is now considered more elegant,"SRC_067, SRC_055",A,E2
PION_110,Jean le Rond d'Alembert,1717,1783,France,"mathematics, mechanics, philosophy",French mathematician and Encyclopedie co-editor with Diderot; d'Alembert's principle reducing dynamics to statics (1743); wave equation for vibrating string; fluid dynamics; Encyclopedie disseminated Enlightenment knowledge; rationalist philosophy of science; elected to Paris Academie 1741; rejected multiple foreign positions to stay in France,"[""d'Alembert's principle: dynamic problem converted to static equilibrium by adding reversed inertial forces"", ""Wave equation: partial differential equation governing vibrating string as first field equation"", ""Encyclopedie as vehicle for Enlightenment synthesis and dissemination of scientific knowledge""]","[""Traite de Dynamique (1743)"", ""Encyclopedie ou Dictionnaire Raisonne (co-editor, 1751-1772)""]","mechanics, mathematics, philosophy of science",Major (d'Alembert's principle foundational to mechanics; Encyclopedie spread science),"Leonhard Euler (mathematical exchange), Joseph-Louis Lagrange (successor at Berlin), Denis Diderot (Encyclopedie collaborator)",d'Alembert and Diderot had philosophical tensions over Encyclopedie direction; his wave equation analysis was incomplete; his relationship with Euler was competitive,SRC_055,B,E2
PION_111,Daniel Bernoulli,1700,1782,Switzerland,"physics, mathematics, medicine",Swiss mathematician from the Bernoulli family; Hydrodynamica (1738) founded fluid dynamics and Bernoulli's principle (faster fluid has lower pressure); kinetic theory of gases treating them as particles in motion (precursor of 19th century kinetic theory); probability theory; worked at St. Petersburg and Basel; contested priority with his father Johann over Hydrodynamica,"[""Bernoulli's principle: in flowing fluid increased speed corresponds to decreased pressure \u2014 fundamental to aerodynamics"", ""Kinetic gas theory: gas pressure arises from particle collisions with container walls \u2014 precursor to 19th century kinetic theory"", ""Fluid dynamics: systematic mathematical treatment of fluid motion""]","[""Hydrodynamica (1738)""]","fluid dynamics, physics, probability",Major (Bernoulli's principle; fluid dynamics founder; kinetic gas theory precursor),"Leonhard Euler (Basel colleague), Johann Bernoulli (father and rival), Daniel Bernoulli (self)",His father Johann antedated his Hydrodynamica to claim priority — a significant scientific misconduct case; kinetic gas theory ignored until Maxwell and Clausius 100 years later; some of his probability work confused,"SRC_067, SRC_055",B,E2
PION_112,Alexis Clairaut,1713,1765,France,"mathematics, astronomy, geodesy","French mathematician, youngest member of Paris Academie at 18; led expedition to Lapland (1736-1737) measuring arc of meridian confirming Earth flattened at poles as Newton predicted; three-body gravitational problem; improved prediction of Halley's comet return (1759) accounting for Jupiter and Saturn perturbations; lunar theory; Theorie de la Lune (1765)","[""Earth flattened at poles: geodetic measurement in Lapland confirms Newton's prediction contradicting Cassini family's prolate Earth"", ""Perturbation theory: gravitational three-body problem approached through successive approximation"", ""Comet perturbation: Halley's comet return date correctly predicted accounting for Jupiter and Saturn pulls""]","[""La Figure de la Terre (1743)"", ""Theorie de la Lune (1765)""]","astronomy, mathematics, geodesy",Significant (confirmed Newtonian prediction empirically; advanced gravitational perturbation theory),"Pierre-Louis Maupertuis (fellow Lapland expedition leader), Alexis Clairaut (self), Jean le Rond d'Alembert (mathematical exchange)",Priority with Maupertuis for Lapland expedition results disputed; three-body problem remained unsolved in closed form; his figure of Earth work involved complex calculations prone to error,SRC_055,B,E2
PION_113,Benjamin Franklin,1706,1790,Colonial America,"electricity, meteorology, diplomacy","American printer, diplomat, and natural philosopher; kite experiment (1752) demonstrating lightning is electrical; single-fluid electrical theory; lightning rod invention saving buildings; mapped Gulf Stream; co-founded American Philosophical Society (1743); bifocal glasses; glass harmonica; negotiated French alliance during American Revolution; helped draft Declaration of Independence; electrical unit ampere-franc","[""Lightning is electrical: kite experiment in thunderstorm proves lightning is static electricity \u2014 natural not supernatural"", ""Lightning rod: pointed metal rod conducted electrical charge safely to ground preventing building fires"", ""Single-fluid electrical theory: electricity as single fluid with positive excess or negative deficiency""]","[""Experiments and Observations on Electricity (1751)""]","electricity, natural philosophy",Major (showed electricity is natural force; lightning rod practical application; American science founder),"Joseph Priestley (wrote history of electricity following Franklin's work), Peter Collinson (London correspondent who communicated his work to Royal Society), George Washington (political contemporary)",Franklin's single-fluid electrical theory replaced by two-fluid theory before finally being superseded; he was amateur not professional natural philosopher; his political role as Founding Father sometimes overshadows scientific work; attribution of kite experiment disputed (no contemporary witnesses),"SRC_055, SRC_056",A,E2
PION_114,Antoine Lavoisier,1743,1794,France,chemistry,"French chemist and tax farmer; oxygen theory of combustion (1770s-1780s): combustion is combination with oxygen not release of phlogiston; conservation of mass in sealed chemical reactions; Traite Elementaire de Chimie (1789) — systematic modern chemistry textbook; systematic nomenclature (1787) with Berthollet, Fourcroy, Guyton de Morveau; quantitative balance central to all experiments; guillotined during French Revolution","[""Oxygen theory of combustion: combustion is combination with oxygen \u2014 explains mass gain and replaces phlogiston"", ""Conservation of mass: in sealed reactions total mass of reactants equals total mass of products"", ""Operational definition of elements: substances non-decomposable by available chemical means \u2014 33 elements listed""]","[""Traite Elementaire de Chimie (1789)"", ""Methode de Nomenclature Chimique (co-authored 1787)"", ""Reflexions sur le Phlogistique (1783)""]",chemistry,Foundational (chemical revolution leader; conservation of mass; nomenclature; quantitative chemistry),"Joseph Priestley (whose oxygen Lavoisier reinterpreted), Joseph Black (whose fixed air inspired quantitative approach), Antoine Fourcroy and Claude Berthollet (nomenclature collaborators)",Lavoisier worked at Paris Arsenal laboratory with significant resources not typical of most chemists; his execution at 50 ended career prematurely; Lagrange reportedly said it took a moment to cut off that head but a century will not suffice to reproduce it; some historians debate whether Scheele or Priestley deserves more credit for oxygen discovery Lavoisier reinterpreted,"SRC_065, SRC_072",A,E2
PION_115,Joseph Priestley,1733,1804,England,"chemistry, theology, politics","English Dissenting minister and chemist; discovered oxygen (1774) calling it dephlogisticated air; isolated approximately 10 gases including ammonia, sulfur dioxide, nitrous oxide, hydrogen chloride, and carbon monoxide; invented carbonated water; Experiments and Observations on Different Kinds of Air (6 volumes 1774-1786); remained phlogiston theorist despite discovering oxygen; emigrated to America 1794 after mob burned his house","[""Oxygen isolated (1774) as dephlogisticated air \u2014 most crucial single discovery in pneumatic chemistry"", ""Multiple gas isolation: ammonia, sulfur dioxide, nitrous oxide, hydrogen chloride, carbon monoxide all discovered or confirmed"", ""Carbonated water: carbon dioxide dissolved in water under pressure producing artificially aerated water""]","[""Experiments and Observations on Different Kinds of Air (6 volumes, 1774-1786)"", ""History and Present State of Electricity (1767)""]","chemistry, pneumatic chemistry",Major (oxygen discoverer; greatest pneumatic chemist; multiple gas isolation despite wrong theory),"Antoine Lavoisier (who reinterpreted his oxygen discovery), Joseph Black (who initiated pneumatic chemistry), Henry Cavendish (fellow pneumatic chemist)",Priestley never accepted Lavoisier's oxygen theory despite discovering oxygen — remarkable case of experimental discovery divorced from theoretical interpretation; mob burned his house and laboratory in Birmingham Riots (1791) due to his religious and political radicalism; priority with Scheele on oxygen depends on isolation date vs publication date,"SRC_069, SRC_070",A,E2
PION_116,Henry Cavendish,1731,1810,England,"chemistry, physics","English aristocrat-scientist of exceptional wealth and eccentricity; isolated hydrogen (inflammable air, 1766); demonstrated water composition as hydrogen plus oxygen (1781-1784); analyzed atmospheric composition; electrical experiments (coulombs law anticipated Coulomb); measured gravitational constant and mass of Earth through torsion balance (1798); pathologically shy — much work remained unpublished","[""Hydrogen isolated (1766) as distinct inflammable gas lighter than air"", ""Water is a compound of hydrogen and oxygen not an element \u2014 refutes one of four classical elements"", ""Gravitational constant measured (1798) by torsion balance enabling calculation of Earth mass""]","[""Experiments on Factitious Air (1766, hydrogen)"", ""Experiments on Air (1784, water composition)"", ""Experiments to Determine the Density of the Earth (1798)""]","chemistry, physics",Major (hydrogen; water composition; gravitational constant; precision experimental technique),"Joseph Priestley (fellow pneumatic chemist), Antoine Lavoisier (who built on his water composition finding), James Clerk Maxwell (posthumously edited unpublished electrical papers)","Cavendish published only fraction of his work — unpublished manuscripts contained anticipations of Coulomb's law and Ohm's law; his eccentricity (avoided all women, communicated with servants by note) well documented; exact timeline of his water synthesis experiments disputed with Watt and Lavoisier","SRC_070, SRC_066",A,E2
PION_117,Carl Wilhelm Scheele,1742,1786,Sweden,chemistry,"Swedish apothecary who isolated oxygen independently circa 1771-1772 (published 1777 as fire air); discovered chlorine, manganese, barium, molybdenum, tungsten; isolated tartaric, citric, malic, lactic, uric and oxalic acids; photochemistry; Chemical Treatise on Air and Fire (1777); worked in small pharmacy with limited resources; died at 43 possibly from chemical exposure","[""Oxygen isolated independently (c.1771-1772) as fire air supporting combustion \u2014 independent of and prior to Priestley"", ""Chlorine discovered (1774) as deflogisticated muriatic acid \u2014 element foundational to industrial chemistry"", ""Multiple organic acids isolated: tartaric, citric, malic, lactic \u2014 foundational organic chemistry""]","[""Chemische Abhandlung von der Luft und dem Feuer (Chemical Treatise on Air and Fire, 1777)""]","chemistry, pneumatic chemistry",Major (prolific discoverer despite limited resources; oxygen isolated prior to Priestley though published later),"Joseph Priestley (parallel oxygen discoverer), Torbern Bergman (supporter and colleague), Antoine Lavoisier (who ignored his oxygen priority)",Scheele isolated oxygen before Priestley but published after — priority complicated; Lavoisier likely aware of Scheele's work but did not credit him; death possibly from laboratory chemical exposure (tested many substances by taste and smell); exceptional productivity from small pharmacy with no institutional support,"SRC_070, SRC_066",A,E2
PION_118,Joseph Black,1728,1799,Scotland,"chemistry, physics","Scottish chemist and physician at Glasgow and Edinburgh; isolated fixed air (carbon dioxide, 1756) demonstrating it differs from common air and is present in limestone and produced in fermentation; latent heat concept — heat absorbed during phase change without temperature change; specific heat — different substances require different amounts of heat per degree; quantitative thermal analysis foundational; never published comprehensive treatise","[""Fixed air (CO2) isolated (1756): distinct gas produced by heating limestone or fermentation and found in exhaled breath"", ""Latent heat: heat absorbed during melting or vaporisation without temperature change \u2014 crucial to steam engine theory"", ""Specific heat: different substances require different quantities of heat per unit temperature change""]","[""Experiments upon Magnesia Alba, Quicklime, and Some Other Alcaline Substances (1756)""]","chemistry, thermal physics",Foundational (initiated pneumatic chemistry; latent heat foundational to thermodynamics and steam engine theory),"Joseph Priestley (extended pneumatic chemistry), Antoine Lavoisier (influenced by Black's quantitative methods), James Watt (Black influenced his steam engine improvements through latent heat concept)",Black never published comprehensive account of latent heat — known through students' lecture notes; his fixed air was not initially recognised as one of many possible distinct gases; extent of his influence on Watt's steam engine improvements is debated,"SRC_066, SRC_070",A,E2
PION_119,John Dalton,1766,1844,England,"chemistry, meteorology","English chemist and teacher in Manchester; atomic theory (1803-1808): atoms of each element have characteristic weight, compounds form by whole-number atomic ratios; law of multiple proportions; New System of Chemical Philosophy (1808); atomic weight table (several values wrong but concept correct); investigated colour blindness (Daltonism); meteorology and atmospheric physics; worked entirely in Manchester without major institutional resources","[""Atomic weights: each element has atoms of characteristic and measurable weight distinguishing it from other elements"", ""Law of multiple proportions: when two elements form more than one compound the ratios of one element to a fixed amount of other are whole numbers"", ""Atomic symbols: first systematic notation representing elements as atoms in compounds""]","[""A New System of Chemical Philosophy Part 1 (1808)"", ""A New System of Chemical Philosophy Part 2 (1810)""]","chemistry, atomic theory",Foundational (quantitative atomic theory based on experiment; atoms as scientific not philosophical entities),"Joseph-Louis Gay-Lussac (gas law results Avogadro reconciled with Dalton), Joseph-Louis Proust (whose definite proportions law Dalton explained atomically), Amedeo Avogadro (whose hypothesis clarified Dalton's atom-molecule confusion)",Dalton's atomic weights contained significant errors corrected by Berzelius; he rejected Avogadro's hypothesis causing molecular-atomic confusion for 50 years; worked in Manchester without elite institutional support unlike Parisian chemists; his colour blindness research gave Daltonism to English vocabulary,"SRC_067, SRC_066",A,E2
PION_120,Joseph-Louis Proust,1754,1826,France,chemistry,"French chemist working in France and Spain; law of definite proportions (constant composition, 1794-1804): chemical compounds have fixed composition regardless of how prepared; engaged in decade-long debate with Berthollet who argued composition could vary continuously; analytical precision essential to establishing the law; returned to France after Napoleonic war destroyed his Spanish laboratory","[""Law of definite proportions: chemical compounds always contain the same elements in the same mass ratios regardless of origin or preparation"", ""Distinction between chemical compounds (fixed composition) and mixtures (variable composition)"", ""Analytical precision: weighing before and after reactions to determine fixed composition ratios""]","[""Various papers in Annales de Chimie (1794-1804) establishing constant composition law""]",analytical chemistry,Significant (definite proportions law provided key experimental foundation for Dalton's atomic theory),"Claude Louis Berthollet (decade-long debate opponent who argued variable composition), John Dalton (whose atomic theory explained why composition is fixed)",Proust was correct against Berthollet but the debate lasted a decade; Berthollet was wrong on composition variability for true compounds but right that alloys and solutions have variable composition; French Revolution destroyed much of Proust's work when Spanish laboratory sacked,SRC_066,B,E2
PION_121,Claude Louis Berthollet,1748,1822,France,chemistry,"French chemist and Lavoisier collaborator; participated in 1787 systematic chemical nomenclature with Lavoisier, Fourcroy, and Guyton de Morveau; chemical affinity studies arguing affinity depends on mass not just chemical nature (mass action); bleaching with chlorine; accompanied Napoleon to Egypt; Arcueil salon hosting young chemists including Gay-Lussac and Laplace; wrong on composition variability but influential on affinity theory","[""Chemical affinity depends on masses of reacting substances as well as chemical nature \u2014 precursor to mass action law"", ""Systematic nomenclature: co-created 1787 nomenclature system replacing alchemical names with composition-indicating names"", ""Chlorine bleaching: sodium hypochlorite as practical bleaching agent from chlorine gas""]","[""Methode de Nomenclature Chimique (co-authored 1787)"", ""Essai de Statique Chimique (1803)""]",chemistry,Significant (nomenclature co-creator; affinity theory foundational to physical chemistry though partially wrong),"Antoine Lavoisier (closest collaborator), Joseph-Louis Proust (decade-long debate opponent), Joseph-Louis Gay-Lussac (student and Arcueil salon member)",Berthollet was wrong in the Proust-Berthollet debate about variable composition of compounds though correct about alloys and solutions; his Arcueil salon was important sociological institution for French science; his close relationship with Napoleon made him politically connected,SRC_066,B,E2
PION_122,Antoine Fourcroy,1755,1809,France,"chemistry, education",French chemist and politician; Lavoisier collaborator on new chemistry; Philosophie Chimique (1792) systematically presented new chemistry; chemistry textbooks rapidly spreading Lavoisierian system internationally; organic chemistry studies; major role in French educational reform including founding of Ecole Polytechnique; political roles during Revolution; helped organise French chemical education,"[""Chemistry textbooks propagating Lavoisierian oxygen theory and nomenclature internationally after 1789"", ""Organic chemistry: early systematic study of substances derived from living organisms before Berzelius term"", ""French chemistry education reform: organised teaching of new chemistry in revolutionary and Napoleonic France""]","[""Philosophie Chimique (1792)"", ""Systeme des Connaissances Chimiques (10 volumes, 1801-1802)""]","chemistry, chemical education",Significant (major disseminator of chemical revolution through teaching and textbooks),"Antoine Lavoisier (collaborator whose system Fourcroy spread), Louis-Bernard Guyton de Morveau (nomenclature collaborator), Napoleon Bonaparte (patron for educational reform)",Fourcroy's role in Lavoisier's execution is disputed — he may have failed to intervene rather than actively participating; his own research less original than his dissemination role; exactly how influential his textbooks were relative to Lavoisier's Traite is debated,SRC_066,B,E2
PION_123,Louis-Bernard Guyton de Morveau,1737,1816,France,chemistry,"French lawyer and chemist; initiated chemical nomenclature reform proposing systematic names before meeting Lavoisier; co-created 1787 Methode de Nomenclature Chimique with Lavoisier, Berthollet, and Fourcroy establishing systematic chemical nomenclature still used today; chemistry textbooks; president of revolutionary tribunal in Dijon; balloon pioneer using hydrogen for military observation","[""Systematic chemical nomenclature: names indicate composition replacing arbitrary alchemical and traditional terms"", ""Nomenclature reform: acid names indicate constituent elements (sulfuric acid from sulfur and oxygen)"", ""Hydrogen balloon for military aerial observation \u2014 practical application of new chemistry""]","[""Methode de Nomenclature Chimique (co-authored 1787)"", ""Encyclopedie Methodique \u2014 Chimie section""]","chemistry, nomenclature",Significant (co-creator of systematic chemical nomenclature foundational to chemistry communication),"Antoine Lavoisier (met after beginning nomenclature reform and collaborated), Claude Berthollet (nomenclature collaborator), Antoine Fourcroy (nomenclature collaborator)",Guyton de Morveau began nomenclature reform independently before Lavoisier — his initiative is sometimes underrecognised given Lavoisier's dominant role in the chemical revolution narrative; balloon military use was innovative but underdeveloped in period,SRC_066,B,E2
PION_124,Georg Ernst Stahl,1659,1734,Germany,"chemistry, medicine",German chemist and physician; phlogiston theory systematised (1697-1723): combustion and calcination explained by release of phlogiston principle; respiration also involves phlogiston release; Fundamenta Chymiae (1723) comprehensive chemistry textbook; vitalism in medicine opposing iatromechanists; physician to Prussian royal court; his phlogiston theory temporarily unified combustion phenomena and dominated 18th century chemistry until Lavoisier,"[""Phlogiston theory: combustible substances contain phlogiston which is released during combustion \u2014 temporarily unified combustion, calcination, and respiration"", ""Chemistry as discipline: Stahl more systematically separated chemistry from medicine and alchemy as distinct subject"", ""Vitalism: living organisms possess animating principle not reducible to mechanical processes""]","[""Zymotechnia Fundamentalis (1697)"", ""Fundamenta Chymiae (1723)""]","chemistry, medicine",Significant (phlogiston theory dominated 18th century; systematised chemistry; bridge from alchemy to chemistry),"Johan Becher (whose phlogiston concept Stahl systematised), Antoine Lavoisier (who overthrew Stahl's phlogiston theory), Joseph Priestley (who remained phlogiston theorist despite Lavoisier)",Phlogiston theory was wrong but temporarily productive — it unified combustion phenomena and stimulated pneumatic chemistry research; Stahl's vitalism was also wrong but raised genuine issues about reduction; he was better physician than chemist,SRC_070,B,E2
PION_125,Martin Heinrich Klaproth,1743,1817,Germany,chemistry,"German analytical chemist; discovered uranium (1789), zirconium (1789), cerium (1803, shared), titanium (re-identified 1795); confirmed strontium, chromium, tellurium; pioneering systematic analytical methods; first chemistry professor at University of Berlin (1810); adopted Lavoisier's system in Germany spreading chemical revolution to German-speaking world; careful quantitative analysis setting new standards","[""Uranium discovered (1789): new element isolated from pitchblende by systematic chemical analysis"", ""Systematic analytical chemistry: new standards of quantitative analysis for mineral composition including repeated analysis and error checking"", ""Chemical revolution adopted in Germany: published extensive analyses accepting Lavoisier's oxygen theory in German-speaking world""]","[""Beitrage zur Chemischen Kenntniss der Mineralkorper (6 volumes, 1795-1815)""]",analytical chemistry,Significant (multiple element discoveries; spread chemical revolution to Germany; systematic analytical standards),"Martin Heinrich Klaproth (self), Antoine Lavoisier (whose system Klaproth adopted and spread), Jons Jacob Berzelius (whose atomic weights confirmed and extended Klaproth's analyses)",Some of Klaproth's element discoveries involved impure samples later corrected by others; his adoption of Lavoisier's system in Germany was pragmatic as much as intellectual; his Beitrage is still valued source for mineral analyses,SRC_066,B,E2
PION_126,Torbern Bergman,1735,1784,Sweden,"chemistry, mineralogy","Swedish chemist at Uppsala; comprehensive chemical affinity tables (1775) — systematic listing of affinities of acids, bases, and metals for each other in wet and dry reactions; analytical chemistry systematised through blowpipe analysis; mineral classification; Physical and Chemical Essays (1779-1784); corresponded widely across Europe; influenced by Linnaeus' systematic approach applied to chemistry","[""Chemical affinity tables: comprehensive systematic tables of relative affinities between acids, bases, and metals in both wet and dry reactions"", ""Blowpipe analysis technique: systematic use of flame to test mineral composition by colour reactions"", ""Mineral classification: Linnaean systematic approach applied to mineral species""]","[""Dissertatio de attractionibus electivis (On Elective Attractions, 1775)"", ""Opuscula Physica et Chemica (Physical and Chemical Essays, 1779-1784)""]","analytical chemistry, mineralogy",Significant (affinity tables influenced chemical theory; systematic analytical methods; mineral classification),"Carl Linnaeus (Uppsala colleague whose systematic method Bergman applied to chemistry), Torbern Bergman (self), Claude Berthollet (who disputed simple affinity tables with mass-dependent theory)",Bergman's simple displacement affinity tables were incomplete and Berthollet later showed affinity depends on mass — but Bergman's work stimulated the debate; his element count was incomplete; his death at 49 cut short potentially major further work,SRC_070,B,E2
PION_127,Jons Jacob Berzelius,1779,1848,Sweden,chemistry,"Swedish chemist dominating early 19th century chemistry; determined atomic weights precisely for 51 elements (most accurate values for 40 years); modern chemical symbols (letter abbreviations still used); electrochemical dualism theory; discovered selenium (1817), thorium (1829), cerium (1803 independently); isolated silicon, titanium, zirconium; coined organic chemistry, protein, catalysis, isomer, polymer; Annual Chemistry Report (Jahresbericht) reviewing all chemistry publications","[""Precise atomic weights: determined atomic weights of 51 elements to high accuracy enabling quantitative chemistry"", ""Chemical symbols: letter abbreviations (H, O, N, C etc.) for elements and formulas for compounds still in universal use"", ""Electrochemical dualism: compounds held together by electrical attraction between electropositive and electronegative components""]","[""Essai sur la Theorie des Proportions Chimiques (1819)"", ""Jahresbericht uber die Fortschritte der physischen Wissenschaften (Annual Report, from 1822)""]","chemistry, analytical chemistry",Foundational (dominated chemistry 1810-1840; precise atomic weights; chemical symbolism still used; numerous discoveries),"John Dalton (whose atomic theory Berzelius made quantitatively precise), Humphry Davy (electrochemical pioneer whose discoveries Berzelius systematised), Friedrich Wohler (student who synthesised urea)",Berzelius' electrochemical dualism theory was challenged and partly superseded by structural organic chemistry; his conservative opposition to Liebig and organic radicals slowed organic chemistry development; his Annual Reports shaped what chemists read for two decades,"SRC_066, SRC_067",A,E2
PION_128,Joseph-Louis Gay-Lussac,1778,1850,France,"chemistry, physics",French chemist and physicist; law of combining volumes (1808): gases react in small whole-number volume ratios consistent with atomic theory; gas expansion law (volumes proportional to absolute temperature) worked out independently of Charles; iodine studies; cyanogen discovered; analytical chemistry methods; balloon ascent to 7016 metres (1804) for atmospheric studies; quantitative analysis methods widely adopted,"[""Law of combining volumes (1808): gases react in whole-number volume ratios (1:1, 1:2 etc.) consistent with atomic interpretation"", ""Gas expansion law: gas volume proportional to absolute temperature at constant pressure \u2014 refined Charles's law"", ""Iodine chemistry: systematic investigation of iodine properties and compounds following its discovery""]","[""Sur la Combinaison des Substances Gazeuses (On the Combination of Gaseous Substances, 1808)"", ""Memoire sur l'Iode (1813)""]","chemistry, physics",Major (combining volumes law crucial to atomic theory; gas laws; quantitative analysis),"Amedeo Avogadro (whose hypothesis reconciled Gay-Lussac's volumes with Dalton's atoms), Alexander von Humboldt (balloon ascent collaborator), Louis Jacques Thenard (close research collaborator)",Gay-Lussac did not accept Avogadro's hypothesis that reconciled his own volume law with Dalton's atomic weights; his gas expansion work partly overlaps with Jacques Charles's earlier unpublished work,SRC_066,B,E2
PION_129,Amedeo Avogadro,1776,1856,Italy,"chemistry, physics",Italian physicist at Turin; Avogadro's hypothesis (1811): equal volumes of all gases at same temperature and pressure contain equal numbers of molecules; distinguished atoms (elements) from molecules (compounds) resolving confusion between Dalton's atoms and Gay-Lussac's combining volumes; hypothesis ignored until Cannizzaro's advocacy at 1860 Karlsruhe Congress; quiet provincial professor whose work had posthumous impact,"[""Avogadro's hypothesis (1811): equal volumes of gases at same temperature and pressure contain equal numbers of molecules"", ""Atoms versus molecules: elements can form diatomic molecules (H2, O2) \u2014 distinguishes atomic and molecular levels"", ""Resolution of Dalton-Gay-Lussac conflict: atomic theory and combining volumes consistent through molecule concept""]","[""Essay on a Manner of Determining the Relative Masses of the Elementary Molecules of Bodies (1811)""]","chemistry, physics",Foundational (Avogadro's number fundamental to chemistry; atom-molecule distinction foundational — impact delayed 50 years),"John Dalton (whose atomic theory Avogadro extended and reconciled with gas volumes), Joseph-Louis Gay-Lussac (whose volume law Avogadro explained), Stanislao Cannizzaro (who revived his hypothesis in 1860)",Avogadro's hypothesis ignored for 50 years — major case of delayed scientific recognition; Avogadro himself did not calculate Avogadro's number; the number bearing his name was calculated by Loschmidt; Avogadro's hypothesis correct but required acceptance of diatomic elementary molecules which seemed strange,SRC_066,B,E2
PION_130,Humphry Davy,1778,1829,England,"chemistry, electrochemistry","English chemist at Royal Institution; electrochemistry pioneer using Volta's battery (1800) to isolate previously unattainable elements; isolated sodium and potassium (1807) by electrolysing fused hydroxides; calcium, magnesium, barium, strontium isolated (1808); demonstrated chlorine is element not compound; investigated nitrous oxide effects (laughing gas); safety lamp for miners (Davy lamp) preventing explosions; charismatic lecturer popularising chemistry","[""Sodium and potassium isolated (1807) by electrolysing fused hydroxides \u2014 elements too reactive to isolate chemically"", ""Chlorine demonstrated as element (1810): muriatic acid does not contain oxygen contradicting Lavoisier's acid theory"", ""Davy safety lamp (1815): flame enclosed by metal gauze preventing ignition of mine gases saving miners lives""]","[""On Some Chemical Agencies of Electricity (1807, Bakerian Lecture)"", ""Elements of Chemical Philosophy (1812)""]","chemistry, electrochemistry",Major (electrochemical isolation of elements; chlorine as element; safety lamp; chemistry popularisation),"Alessandro Volta (whose battery Davy exploited), Michael Faraday (protege who surpassed his master), Humphry Davy (self)",Davy-Faraday relationship became strained as Faraday surpassed him; Davy initially opposed Faraday's election to Royal Society; chlorine naming priority disputed with Gay-Lussac; his nitrous oxide experiments included self-experimentation,"SRC_066, SRC_067",A,E2
PION_131,Alessandro Volta,1745,1827,Italy,"physics, electricity","Italian physicist at Pavia; invented voltaic pile (battery, 1800) — stack of alternating zinc and copper discs with brine-soaked cloth spacers producing continuous electrical current; discovered methane (1776) in swamps; invented electrophorus (electrostatic induction device, 1775); participated in Galvani controversy arguing current is contact electricity not animal electricity; electrical unit volt named for him; Napoleon made him Count","[""Voltaic pile (1800): first device producing continuous electrical current enabling electrochemistry"", ""Methane discovered (1776) in marsh gas as distinct combustible air"", ""Electrophorus: device repeatedly generating static electricity through induction without losing charge""]","[""On the Electricity Excited by the Mere Contact of Conducting Substances of Different Kinds (1800, letter to Banks)""]","physics, electrochemistry",Foundational (battery enabled electrochemistry and 19th century electrical revolution; volt named for him),"Luigi Galvani (controversy partner over animal vs contact electricity), Humphry Davy (who exploited voltaic pile for electrochemistry), Alessandro Volta (self)",Galvani was actually right that nerves involve electricity and Volta wrong to deny animal electricity — but Volta's explanation of battery action was productive; the Galvani-Volta controversy was resolved only with 19th century electrophysiology showing both metal contact and biological electricity are real,"SRC_055, SRC_056",A,E2
PION_132,Carl Linnaeus,1707,1778,Sweden,"natural history, botany","Swedish botanist at Uppsala; Systema Naturae (1735, multiple editions to 1768 12th edition) established binomial nomenclature and hierarchical classification; every organism named by genus and species; sexual classification system for plants using stamens and pistils; trained students who became naturalists worldwide (apostles); Species Plantarum (1753) systematic listing of all then-known plants; his nomenclature still used","[""Binomial nomenclature: every organism named by two-part Latin name (genus + species) providing universal stable identification"", ""Hierarchical classification: kingdom-class-order-genus-species hierarchy organising all organisms"", ""Sexual classification of plants: stamens and pistils count as primary classification character""]","[""Systema Naturae (1735, multiple expanded editions)"", ""Species Plantarum (1753)"", ""Genera Plantarum (1737)""]","botany, zoology, natural history",Foundational (biological nomenclature still used; systematic natural history established; trained generation of naturalists),"Georges-Louis Leclerc Buffon (rival who opposed artificial classification), Joseph Banks (British botanist who sent specimens), Carl Linnaeus (self — system named for him)",Linnaean sexual classification of plants criticised as artificial by Buffon and others preferring natural systems; some binomial names have priority issues resolved by complex rules; his classification was pre-evolutionary and required revision after Darwin,"SRC_055, SRC_056",A,E2
PION_133,"Georges-Louis Leclerc, Comte de Buffon",1707,1788,France,"natural history, geology","French naturalist director of Paris Jardin du Roi; Histoire Naturelle (44 volumes, 1749-1804 including posthumous) — comprehensive natural history; calculated Earth age at 75000+ years (far exceeding Biblical 6000); species variation hints approaching transformism; elegant popular style making natural history accessible; opposed Linnaean artificial classification favouring groups defined by natural affinities","[""Earth age calculation: Earth cooled from molten state taking 75000+ years \u2014 far beyond Biblical chronology"", ""Natural classification: organisms grouped by natural affinity and resemblance not artificial single characters like Linnaeus used"", ""Species transformation hints: varieties might over time become distinct species \u2014 early evolutionary idea""]","[""Histoire Naturelle, Generale et Particuliere (44 volumes, 1749-1804)"", ""Theorie de la Terre (1749)"", ""Des Epoques de la Nature (1778)""]","natural history, geology, evolutionary thought",Major (major naturalist; challenged Biblical chronology; evolutionary thought pioneer; popular natural history),"Carl Linnaeus (classification rival), Jean-Baptiste Lamarck (influenced), Charles Darwin (indirect intellectual ancestor through evolutionary hints)",Buffon's Earth age calculation vastly underestimated actual age (4.5 billion years) but was far beyond Biblical and stimulated geological thinking; his hints at species transformation never developed into theory; his opposition to Linnaean nomenclature failed — Linnaean system won,"SRC_055, SRC_056",A,E2
PION_134,Nicolaus Steno,1638,1686,Denmark,"geology, anatomy","Danish scientist who became Catholic bishop; De Solido (1669) — foundational geological principles: law of superposition (older rocks below younger), original horizontality (layers originally horizontal), lateral continuity (layers originally continuous); recognised fossils as remains of ancient organisms not sports of nature or products of formative virtue; also major anatomist (parotid gland = Steno's duct); converted to Catholicism 1667 and became bishop","[""Law of superposition: in undisturbed rock sequences older layers are found below younger layers"", ""Fossils as organisms: fossil shells and bones are remains of actual ancient animals not coincidental nature-produced shapes"", ""Original horizontality: sedimentary layers are deposited horizontally \u2014 tilted layers indicate later deformation""]","[""De Solido Intra Solidum Naturaliter Contento Dissertationis Prodromus (1669)""]","geology, stratigraphy, anatomy",Foundational (established geological principles still used; fossils as organisms; founded stratigraphy),"Galileo Galilei (Italian intellectual environment where Steno worked), James Hutton (who extended Steno's principles to deep time), William Smith (who applied stratigraphy practically)",Steno abandoned science for religious vocation at height of his scientific career — geology lost major figure; his geological principles were largely ignored for a century before rediscovery; he left religious writings in Latin only recently fully studied,"SRC_055, SRC_056",A,E2
PION_135,James Hutton,1726,1797,Scotland,geology,"Scottish geologist and farmer; Theory of the Earth (1785 abstract, 1795 book) proposed uniformitarianism — present geological processes operating over vast time explain all observed features; Earth has no vestige of beginning and no prospect of an end; igneous rock origin of granite; geological cycle of erosion, deposition, uplift; deep time vastly exceeding Biblical chronology; poorly written and largely unknown until Playfair's Illustrations (1802)","[""Uniformitarianism: present geological processes (erosion, deposition, volcanism) have operated uniformly throughout Earth history"", ""Deep time: Earth must be immensely old \u2014 no vestige of beginning no prospect of an end \u2014 far beyond Biblical 6000 years"", ""Granite as igneous: granite solidified from molten rock not precipitated from primordial ocean (contradicts Neptunism)""]","[""Theory of the Earth with Proofs and Illustrations (1795)"", ""Abstract of a Dissertation (1785)""]",geology,Foundational (uniformitarianism; deep time; modern geology founder — though recognised largely posthumously),"Nicolaus Steno (geological predecessor), John Playfair (who made Hutton's ideas accessible), Charles Lyell (who popularised uniformitarianism)",Hutton's Theory of Earth was so poorly written that Playfair's Illustrations (1802) was necessary for it to have impact; Neptunists (Werner school) disputed his igneous geology theory; his deep time was philosophically threatening to religious orthodoxy; exact nature of his uniformitarianism vs Lyell's later version is debated,"SRC_055, SRC_056",A,E2
PION_136,Georges Cuvier,1769,1832,France,"comparative anatomy, paleontology",French naturalist at Paris Museum d'Histoire Naturelle; comparative anatomy systematised — correlation of parts principle allows reconstruction of whole organism from fragments; demonstrated extinction through fossil evidence — fossil vertebrates found in Paris Basin gypsum do not match any living species; catastrophism — geological catastrophes explain faunal changes; four animal embranchements (body plans); opposed transformism despite fossil evidence,"[""Extinction demonstrated: fossil organisms in Paris Basin do not correspond to any living species proving some organisms have become extinct"", ""Correlation of parts: in any organism parts are functionally interrelated allowing reconstruction of whole from fragments"", ""Four embranchements: animals organised around four fundamental body plans (vertebrata, mollusca, articulata, radiata)""]","[""Lecons d'Anatomie Comparee (1801-1805)"", ""Ossemens Fossiles (4 volumes, 1812)"", ""Le Regne Animal (1817)""]","comparative anatomy, paleontology",Foundational (established extinction as fact; comparative anatomy; paleontology founder; despite opposing evolution),"Etienne Geoffroy Saint-Hilaire (great debate opponent on species fixity vs transformation), Jean-Baptiste Lamarck (transformism opponent), Charles Darwin (whose theory resolved what Cuvier could not explain)",Cuvier opposed transformism (evolution) despite accumulating fossil evidence he himself collected — a case of resistance to evolutionary thinking by a major scientist; his catastrophism was replaced by uniformitarianism; his four embranchements scheme required revision; his role in establishing extinction was crucial even as his opposition to evolution is now seen as error,"SRC_055, SRC_056",A,E2
PION_137,Luigi Galvani,1737,1798,Italy,"physiology, electricity",Italian physician and anatomist at Bologna; discovered animal electricity (1791) through observation that frog legs contract when touched with two different metals or when nerve is touched by spark; De Viribus Electricitatis (1791) — attributed contractions to electricity intrinsic to living tissue (animal electricity); controversy with Volta who attributed contractions to metal contact electricity; Galvanism named for him,"[""Animal electricity: frog leg contractions demonstrate electricity inherent in nervous and muscular tissue"", ""Galvanic stimulation: nerve-muscle preparations respond to electrical stimuli from metal contacts or sparks"", ""Bimetallic electricity: two different metals in contact with moist conductor produce current stimulating muscle""]","[""De Viribus Electricitatis in Motu Musculari Commentarius (1791)""]","physiology, electricity",Significant (discovered biological electrical phenomena; galvanism named for him; sparked Galvani-Volta debate leading to battery),"Alessandro Volta (controversy partner), Humphry Davy (who studied galvanism), Luigi Galvani (self)","In the Galvani-Volta controversy, Volta was partly right (metal contact produces current) and Galvani partly right (tissue has intrinsic electrical properties); the debate was resolved by 19th century electrophysiology; Galvani's political views (refused oath to Napoleonic republic) cost him his position before his death",SRC_055,B,E2
PION_138,Charles-Augustin de Coulomb,1736,1806,France,"physics, engineering","French military engineer and physicist; Coulomb's law (1785-1791) — force between electrical charges inversely proportional to square of distance and proportional to product of charges; torsion balance invented for measuring tiny forces; magnetism measured by similar torsion methods; engineering work on friction, elasticity, and retaining walls; electrical and magnetic units coulomb and gilbert named for him","[""Coulomb's law: force between electrical charges proportional to product of charges and inversely proportional to square of distance between them \u2014 parallel to Newton's gravity"", ""Torsion balance: extremely sensitive instrument measuring tiny forces through angular deflection of twisted wire"", ""Coulomb's law for magnetism: magnetic poles attract or repel with force inversely proportional to square of distance""]","[""Premier Memoire sur l'Electricite et le Magnetisme (1785)"", ""Theorie des Machines Simples (1781, friction and elasticity)""]","physics, engineering",Major (Coulomb's law quantified electricity parallel to Newton's gravity; torsion balance precision instrument),"Benjamin Franklin (whose electrical theory Coulomb quantified), William Thomson Lord Kelvin (who extended Coulomb's work), Henry Cavendish (who independently derived Coulomb's law but did not publish)",Cavendish independently derived Coulomb's law but did not publish — case of simultaneous discovery; Coulomb's inverse square law for magnetism required revision once magnetic monopoles' non-existence was recognised; his torsion balance was sensitive enough to measure very small forces but required careful interpretation,"SRC_055, SRC_056",A,E2
PION_139,Stephen Hales,1677,1761,England,"botany, physiology, chemistry","English clergyman and experimental physiologist; Vegetable Staticks (1727) — plant physiology pioneer measuring sap pressure, water intake, and gas exchange; invented pneumatic trough for collecting gases over water (fundamental apparatus enabling pneumatic chemistry); measured blood pressure in horses (first quantitative blood pressure measurement); collected and studied fixed air and other gases from plant materials","[""Pneumatic trough: apparatus collecting gases over water by upward displacement \u2014 fundamental tool enabling systematic gas chemistry"", ""Blood pressure measured quantitatively (1726) in horse using glass tube connected to artery \u2014 first quantitative blood pressure measurement"", ""Plant sap pressure and gas exchange: systematic quantitative measurements of plant physiology""]","[""Vegetable Staticks (1727)"", ""Statical Essays Vol. 2: Haemastaticks (1733)""]","physiology, chemistry",Major (pneumatic trough enabled pneumatic chemistry revolution; blood pressure measurement; plant physiology pioneer),"Joseph Black (who used Hales' pneumatic trough to isolate fixed air), Joseph Priestley (who systematically exploited pneumatic trough for gas isolation), William Harvey (physiological predecessor)",Hales did not recognise fixed air as distinct from common air — left that identification to Black; his plant physiology was largely qualitative despite quantitative methods; religious commitments led him to oppose dissection limiting anatomical work,"SRC_070, SRC_055",A,E2
PION_140,William Herschel,1738,1822,England,astronomy,German-born English astronomer and musician; discovered Uranus (1781) — first planet discovered in modern times extending solar system boundary; built largest telescopes of period (40-foot reflector); catalogued 2500 nebulae and star clusters; systematic stellar astronomy counting stars in different directions; discovered infrared radiation (1800); sister Caroline Herschel was major observational collaborator and astronomer in her own right,"[""Uranus discovered (1781): seventh planet found telescopically extending known solar system \u2014 first planet discovery in recorded history"", ""Infrared radiation discovered (1800): heat radiation beyond visible red end of spectrum \u2014 extends electromagnetic spectrum concept"", ""Stellar astronomy: systematic counting of stars in different directions establishing that Milky Way is disk-shaped""]","[""Account of a Comet (1781, announcement of Uranus)"", ""Investigation of the Powers of the Prismatic Colours to Heat and Illuminate Objects (1800)""]",astronomy,Major (Uranus discovery; infrared; stellar astronomy; large telescope construction),"Caroline Herschel (sister and observational collaborator), Nevil Maskelyne (Astronomer Royal who confirmed Uranus), William Herschel (self)",Herschel initially thought he had found a comet not a planet; his model of the Milky Way disk was qualitatively right but quantitatively wrong due to dust obscuring distant stars; Caroline Herschel's role as genuine scientific collaborator and independent discoverer of comets was long underrecognised,"SRC_055, SRC_071",A,E2
PION_141,Albrecht von Haller,1708,1777,Switzerland,"physiology, botany, medicine","Swiss physician and naturalist at Gottingen; Elementa Physiologiae Corporis Humani (8 volumes, 1757-1766) — first comprehensive systematic physiology; irritability and sensibility distinction: muscles are irritable (contract when stimulated) and nerves are sensitive (transmit sensation) — foundational to neurology; extensive botanical work; poetry; corresponded with Euler and Linnaeus; Gottingen Academy of Sciences contributor","[""Irritability and sensibility distinguished: muscles possess irritability (contract when stimulated) distinct from nerve sensibility (transmit sensation) \u2014 foundational to neurology"", ""Elementa Physiologiae: first comprehensive systematic treatise on human physiology organising all known physiological knowledge"", ""Physiological experimentation: systematic experimental investigation of physiological properties of tissues""]","[""Elementa Physiologiae Corporis Humani (8 volumes, 1757-1766)"", ""Primae Lineae Physiologiae (1747)""]","physiology, anatomy, botany",Major (systematic physiology; irritability-sensibility distinction foundational to neurology; comprehensive treatise),"Rene Descartes (mechanistic physiology predecessor), William Harvey (physiological predecessor), Lazzaro Spallanzani (experimental physiologist contemporary)","Haller's distinction between irritability and sensibility was contested by contemporaries; his vast literary and scientific output (18000 letters, 23000 book reviews) sometimes overshadows assessment of specific contributions; his physiological claims required experimental adjudication with contemporaries",SRC_055,B,E2
PION_142,Marcello Malpighi,1628,1694,Italy,"anatomy, physiology, embryology","Italian physician and microscopist; discovered capillaries (1661) connecting arteries to veins and completing Harvey's circulation theory; lung alveolar structure revealed; microscopic anatomy of kidney, liver, spleen, and skin; plant anatomy microscopically studied; silkworm developmental anatomy; embryological observations on chick development; first royal physician to Pope Innocent XII; pioneer of scientific use of microscope in biology","[""Capillaries discovered (1661): microscopic vessels connecting arteries to veins completing Harvey's circulation theory with direct observational confirmation"", ""Lung structure: alveoli revealed as air sacs enabling gas exchange \u2014 contradicts older theories of lung structure"", ""Microscopic anatomy: systematic microscopical investigation of kidney glomeruli, liver lobules, spleen corpuscles""]","[""De Pulmonibus (On the Lungs, 1661, capillaries)"", ""De Cerebro (On the Brain, 1665)"", ""Dissertatio Epistolica de Bombyce (1669, silkworm)""]","anatomy, physiology, embryology",Major (capillaries completing circulation; microscopic anatomy founder; embryology pioneer),"William Harvey (whose circulation theory Malpighi confirmed microscopically), Galileo Galilei (whose telescope technology Malpighi adapted for microscopy), Robert Hooke (fellow microscopist contemporary)",Malpighi faced opposition from conservative Bolognese physicians who sabotaged his experiments and burned manuscripts; his interpretation of some microscopic structures was wrong; kidney Malpighian corpuscles named for him based on observation later refined,"SRC_055, SRC_056",A,E2
PION_143,Thomas Young,1773,1829,England,"physics, Egyptology, physiology",English polymath physician and natural philosopher; double-slit experiment (1801) demonstrating light interference definitively revived wave theory against Newton's corpuscular view; Young's modulus of elasticity relating stress to strain; trichromatic colour theory; decoded Rosetta Stone Egyptian hieroglyphs (shared credit with Champollion); visual accommodation mechanism through lens shape change; contributed to insurance tables,"[""Double-slit experiment (1801): light passing through two slits creates interference pattern demonstrating wave nature of light"", ""Young's modulus: ratio of stress to strain in elastic deformation \u2014 fundamental material property"", ""Trichromatic colour vision: eye has three types of colour receptors responsive to red, green, blue""]","[""On the Theory of Light and Colours (Bakerian Lecture, 1801)"", ""A Course of Lectures on Natural Philosophy and the Mechanical Arts (1807)""]","optics, mechanics, physiology, Egyptology",Major (double-slit experiment decisive for wave theory; Young's modulus; Rosetta Stone decipherment),"Isaac Newton (whose corpuscular light theory Young challenged), Augustin-Jean Fresnel (who developed wave theory mathematically after Young), Jean-Francois Champollion (Rosetta Stone co-decipherer)",Young's wave theory initially rejected by British scientific community loyal to Newton; Fresnel's mathematical development was necessary to make wave theory convincing to physicists; Champollion disputed Young's share of Rosetta Stone credit,SRC_055,B,E2
PION_144,Friedrich Wöhler,1800,1882,Germany,"organic chemistry, analytical chemistry",Urea synthesis from ammonium cyanate (1828) demolished vitalism by showing organic compounds can be made from inorganic materials; co-developed organic radical theory with Liebig; isolated aluminium (1827) and beryllium; edited Annalen der Chemie,"[""Urea synthesis (1828): organic compound made from inorganic starting material, defeating requirement for vital force"", ""Organic radical theory: functional groups persist unchanged through reactions, co-developed with Liebig"", ""Systematic analysis: gravimetric methods applied to organic compound characterisation""]","[""Über die künstliche Bildung des Harnstoffs (1828)"", ""Untersuchungen über das Radikal der Benzoesäure with Liebig (1832)""]","organic chemistry, biochemistry",Defeated vitalism (Trunk 5 Biology); established that chemistry of life obeys same laws as inorganic chemistry,"Justus von Liebig (close collaborator), Jöns Jacob Berzelius (mentor), August Kekulé",Wöhler himself did not initially recognise the full significance of the 1828 urea synthesis; vitalism persisted for decades despite his demonstration; priority for aluminium isolation disputed with Sainte-Claire Deville,"SRC_076, SRC_085",A,E2
PION_145,Justus von Liebig,1803,1873,Germany,"organic chemistry, agricultural chemistry, chemistry education","Founded first combined teaching-and-research chemistry laboratory at Giessen (1827), establishing the model for all modern chemistry departments worldwide; developed organic analysis apparatus (Kaliapparat); agricultural chemistry and plant nutrition; discovered chloroform; long-term editor Annalen der Chemie and Pharmacie","[""Liebig research laboratory model (Giessen, 1827): combined instruction and original research, training students in techniques — the template for all chemistry departments globally"", ""Organic analysis: improved combustion analysis method made quantitative organic chemistry routine"", ""Agricultural chemistry: mineral theory of plant nutrition; nitrogen, phosphorus, potassium requirements for crops""]","[""Anleitung zur Analyse organischer Körper (1837)"", ""Die organische Chemie in ihrer Anwendung auf Agricultur und Physiologie (1840)"", ""Die Thierchemie oder die organische Chemie in ihrer Anwendung auf Physiologie und Pathologie (1842)""]","organic chemistry, biochemistry, agricultural science, chemistry education",Agricultural chemistry (Trunk 4/5); biochemistry (Trunk 5); educational model adopted globally,"Friedrich Wöhler (close collaborator), August Kekulé (student), August Wilhelm von Hofmann (student)",Liebig-Pasteur dispute over fermentation (Liebig held chemical not biological theory until death); his mineral theory of plant nutrition overstated and led to misapplication; later career shift to popular writing seen as decline,"SRC_077, SRC_076",A,E2
PION_146,August Kekulé,1829,1896,Germany,"organic chemistry, structural chemistry","Carbon tetravalence and chain theory (1858): carbon forms four bonds and carbon atoms link together in chains, explaining the vast diversity of organic compounds; benzene ring structure (1865): hexagonal ring with alternating bonds, founding aromatic chemistry; structural theory co-developer with Couper and Butlerov","[""Carbon tetravalence (1858): carbon always forms exactly four bonds, enabling systematic prediction of organic compound structures"", ""Carbon chain theory: carbon atoms can bond to each other in chains of any length, explaining structural diversity"", ""Benzene ring structure (1865): six carbon hexagonal ring with resonating double bonds — opened entire field of aromatic chemistry""]","[""Über die Konstitution und die Metamorphosen der chemischen Verbindungen (1858)"", ""Sur la constitution des substances aromatiques (1865)"", ""Lehrbuch der organischen Chemie (1861-1887)""]","organic chemistry, structural chemistry, pharmaceutical chemistry",Pharmaceutical chemistry (Trunk 4/Medicine); dye industry via aromatic chemistry enabled German chemical industry,"Archibald Scott Couper (independent chain theory), Alexander Butlerov (structural theory), Friedrich Wöhler, Justus von Liebig",Benzene dream story (claimed structure came in a dream of snake biting own tail) widely repeated but possibly embellished; priority dispute with Couper over chain theory; Kekulé delayed publication of Couper's independent chain theory,"SRC_085, SRC_076",A,E2
PION_147,Jacobus van't Hoff,1852,1911,Netherlands,"physical chemistry, stereochemistry, thermodynamics",Stereochemistry: tetrahedral carbon model (1874) explaining optical isomerism; chemical dynamics Etudes (1884) applying thermodynamics to reaction kinetics; osmotic pressure laws showing dilute solutions behave as gases; co-founded physical chemistry with Arrhenius and Ostwald; first Chemistry Nobel Prize (1901),"[""Tetrahedral carbon (1874): four bonds of carbon point to corners of tetrahedron — explains optical isomerism and chirality"", ""Chemical dynamics (1884): thermodynamics applied to reaction rates and equilibria — van't Hoff equation"", ""Osmotic pressure: dilute solutions obey gas-law-like equations — van't Hoff factor""]","[""La chimie dans l'espace (1875, stereochemistry)"", ""Études de Dynamique Chimique (1884)"", ""Die Lagerung der Atome im Raume (1877)""]","physical chemistry, stereochemistry, biochemistry",Biochemistry (Trunk 5) via stereochemistry and enzyme substrate specificity,"Svante Arrhenius (physical chemistry co-founder), Wilhelm Ostwald (physical chemistry co-founder), J. Willard Gibbs (thermodynamics)",Tetrahedral carbon idea initially mocked by Kolbe as fantasy; shared Nobel with controversial aspects of osmotic pressure theory; stereochemistry independent developed simultaneously by Le Bel,"SRC_075, SRC_076",A,E2
PION_148,Svante Arrhenius,1859,1927,Sweden,"physical chemistry, electrochemistry, cosmology","Ionic dissociation theory (1887): electrolytes dissociate into ions in solution, explaining electrical conductivity — initially graded near-fail in doctoral defense; Arrhenius equation (temperature dependence of reaction rates); acid-base definition (proton donor/acceptor); early greenhouse effect theory; Nobel Chemistry (1903)","[""Ionic dissociation (1887): electrolytes split into ions in aqueous solution — explains electrical conductivity and colligative properties"", ""Arrhenius equation: rate = A·exp(-Ea/RT) — reaction rate temperature dependence, activation energy concept"", ""Greenhouse effect theory: CO2 in atmosphere absorbs infrared radiation, warming Earth surface (1896 paper)""]","[""Recherches sur la conductibilité galvanique des électrolytes (doctoral thesis, 1884/1887)"", ""Über die Dissociationswärme und den Einfluss der Temperatur auf den Dissociationsgrad der Elektrolyte (1889)""]","physical chemistry, electrochemistry, atmospheric science, biochemistry",Atmospheric science (Trunk 6 via greenhouse effect); biochemistry electrochemistry applications (Trunk 5),"Wilhelm Ostwald (physical chemistry), Jacobus van't Hoff (physical chemistry), Walther Nernst",Ionic dissociation doctoral thesis almost failed; theory long disputed; Nobel (1903) was considered controversial Nobel committee decision; his greenhouse effect work largely forgotten until 1980s climate science,"SRC_075, SRC_076",A,E2
PION_149,Friedrich Wilhelm Ostwald,1853,1932,Germany (born Latvia),"physical chemistry, catalysis, philosophy of science",Systematized physical chemistry as distinct discipline; founded Zeitschrift für Physikalische Chemie (1887) with Van't Hoff and Arrhenius — founding event of field; catalysis studies (Ostwald process for nitric acid); Leipzig professor from 1887; Nobel Chemistry (1909); also energeticist philosopher opposing atomic theory until 1908,"[""Physical chemistry institutionalization: founded Zeitschrift für Physikalische Chemie (1887) creating institutional home for field"", ""Catalysis: heterogeneous catalysis studies; Ostwald process converting ammonia to nitric acid (industrial)"", ""Energeticism: philosophical program replacing atomic theory with energy as fundamental concept — later abandoned after Perrin's experiments (1908)""]","[""Lehrbuch der allgemeinen Chemie (1885-1887, systematized physical chemistry)"", ""Zeitschrift für Physikalische Chemie (founded 1887, co-editor)"", ""Grundlinien der anorganischen Chemie (1900)""]","physical chemistry, catalysis, chemical engineering, philosophy of science",Industrial chemistry (Trunk 8) via Ostwald process for nitric acid production,"Jacobus van't Hoff (journal co-founder), Svante Arrhenius (journal co-founder), Walther Nernst (student)","Ostwald opposed atomic theory as late as 1908, hindering German acceptance of kinetic theory; energeticist philosophy now seen as wrong turn; personal priority disputes with peers; Nobel Prize came after he abandoned his anti-atomism","SRC_075, SRC_076",A,E2
PION_150,J. Willard Gibbs,1839,1903,USA,"thermodynamics, statistical mechanics, vector analysis","On the Equilibrium of Heterogeneous Substances (1876-1878): applied thermodynamics rigorously to chemical equilibrium, defining chemical potential, Gibbs free energy, phase rule — unrecognized in lifetime; Elementary Principles in Statistical Mechanics (1902): named and systematized statistical mechanics; vector analysis co-development; greatest American theoretical scientist 19th century","[""Gibbs free energy: thermodynamic potential G = H - TS determining spontaneity of chemical reactions at constant T and P"", ""Phase rule: F = C - P + 2 (degrees of freedom = components - phases + 2) — organizes all phase equilibrium phenomena"", ""Statistical mechanics: ensemble theory systematized as microcanonical, canonical, grand canonical; probability distributions over phase space""]","[""On the Equilibrium of Heterogeneous Substances (Trans. Connecticut Academy, 1876-1878)"", ""Elementary Principles in Statistical Mechanics (1902)""]","physical chemistry, thermodynamics, statistical mechanics, chemical engineering",Chemical engineering (Trunk 8) via free energy and phase diagrams; information theory via statistical mechanics (Trunk 9),"James Clerk Maxwell (statistical mechanics), Ludwig Boltzmann (statistical mechanics), Friedrich Wilhelm Ostwald (physical chemistry — recognized Gibbs's work)",Gibbs published in obscure Connecticut journal and was largely unknown until Ostwald translated his work into German (1892); Maxwell made models of Gibbs's thermodynamic surfaces; died without major recognition,"SRC_075, SRC_081",A,E2
PION_151,Walther Nernst,1864,1941,Germany,"physical chemistry, thermodynamics, electrochemistry","Heat theorem (third law of thermodynamics, 1906): entropy approaches constant as temperature approaches absolute zero; Theoretische Chemie textbook (1893) standardized physical chemistry teaching; electrochemistry (Nernst equation relating electrode potential to ion activities); Nobel Chemistry (1920)","[""Third law of thermodynamics (1906): entropy of perfect crystal at absolute zero is zero; enables calculation of absolute entropies"", ""Nernst equation: E = E° - (RT/nF)ln Q — electrode potential depends on ion concentrations"", ""Theoretische Chemie (1893): textbook that standardized physical chemistry teaching internationally""]","[""Theoretische Chemie vom Standpunkte der Avogadroschen Regel und der Thermodynamik (1893)"", ""Über die Berechnung chemischer Gleichgewichte aus thermischen Messungen (1906, heat theorem)""]","physical chemistry, electrochemistry, chemical engineering",Low-temperature physics (Trunk 3 bridging to CON); chemical engineering thermodynamics (Trunk 8),"Wilhelm Ostwald (Leipzig, student), Svante Arrhenius, J. Willard Gibbs (independent thermodynamics)",Nernst theorem initially disputed by Planck and others; was deeply involved in chemical weapons research in WWI; controversially favored by Kaiser Wilhelm;iated Germany under Hitler,SRC_075,B,E2
PION_152,Gilbert N. Lewis,1875,1946,USA,"physical chemistry, chemical bonding, thermodynamics","Thermodynamic fugacity and activity concepts systematizing non-ideal behavior; electron pair bonding theory (1916) — Lewis structures; Lewis acid-base definition (electron pair donor-acceptor, broader than Brønsted); built Berkeley physical chemistry program into world-leading center; never received Nobel Prize despite many nominations","[""Electron pair bond (1916): chemical bonds are shared electron pairs — Lewis dot structures explain covalent bonding"", ""Lewis acids and bases: acids accept electron pairs, bases donate them — broader than Arrhenius or Brønsted definitions"", ""Thermodynamic activity and fugacity: generalize equilibrium expressions beyond ideal behavior""]","[""The Atom and the Molecule (1916, electron pair bond)"", ""Thermodynamics (with Merle Randall, 1923)"", ""Valence and the Structure of Atoms and Molecules (1923)""]","physical chemistry, chemical bonding theory, biochemistry",Biochemistry via acid-base chemistry (Trunk 5); chemical engineering thermodynamics (Trunk 8),"Irving Langmuir (extended Lewis bond theory), Linus Pauling (student, extended resonance), Walther Nernst",Never received Nobel Prize despite being nominated 41 times — considered major injustice; died in lab in 1946 under disputed circumstances; Langmuir received Nobel partly for extending Lewis's ideas,SRC_075,B,E2
PION_153,Fritz Haber,1868,1934,Germany,"inorganic chemistry, chemical engineering, physical chemistry",Haber-Bosch process (1909-1913): nitrogen fixation from atmospheric N2 to ammonia using iron catalyst at high temperature and pressure — feeds approximately half of humanity through fertilizer production; Nobel Chemistry (1918); also directed German chemical weapons program in WWI; fled Nazi Germany,"[""Haber-Bosch ammonia synthesis (1909-1913): N2 + 3H2 → 2NH3 over iron catalyst at 400-500°C, 150-300 atm — overcame thermodynamic limitations"", ""Nitrogen fixation: atmospheric nitrogen converted to ammonia enabling synthetic fertilizer production — transformed global food supply"", ""Chemical weapons: directed German chlorine and mustard gas programs in WWI — deeply controversial""]","[""Über die Darstellung des Ammoniaks aus seinen Elementen (1909)"", ""Naturwissenschaften papers on thermodynamics of ammonia synthesis""]","inorganic chemistry, chemical engineering, agricultural chemistry",Agricultural science (Trunk 5) via fertilizer production feeding billions; weapons technology (Trunk 8),"Carl Bosch (industrial scale-up partner), Wilhelm Ostwald (physical chemistry), Walther Nernst (thermodynamics)",Haber is the most morally complex figure in chemistry: his ammonia synthesis feeds billions but he also directed chemical weapons use in WWI (wife Clara committed suicide in protest); won Nobel 1918 amid international outrage; later fled Nazi Germany despite earlier patriotism,SRC_076,B,E2
PION_154,Alfred Werner,1866,1919,Switzerland,"inorganic chemistry, coordination chemistry",Coordination theory (1893-1913): metal complexes have primary (ionic) and secondary (coordination) valences; octahedral geometry for 6-coordinate complexes; explained isomerism in metal complexes; Nobel Chemistry (1913) — first Nobel for inorganic chemistry; synthesis of over 600 coordination compounds providing experimental proof,"[""Coordination theory (1893): metal ions have primary valence (oxidation state) and secondary valence (coordination number) — explains complex ion structure"", ""Octahedral geometry: six-coordinate metal complexes have octahedral geometry — proven by optical isomerism"", ""Coordination number: metals can bind definite numbers of ligands (2, 4, 6) in specific geometries""]","[""Beitrag zur Konstitution anorganischer Verbindungen (1893, coordination theory)"", ""Neuere Anschauungen auf dem Gebiete der anorganischen Chemie (1905)""]","inorganic chemistry, bioinorganic chemistry, catalysis","Biochemistry via bioinorganic chemistry: hemoglobin, chlorophyll as coordination compounds (Trunk 5)","Sophus Mads Jørgensen (competing structural theory), Linus Pauling (extended bonding theory)",Werner's coordination theory disputed by Jørgensen for 20 years; Werner synthesized over 600 compounds to prove his theory; died at 53 from arteriosclerosis accelerated by overwork,SRC_076,B,E2
PION_155,Dmitri Mendeleev,1834,1907,Russia,"chemistry, periodic law, physical chemistry","Periodic table (1869): arranged elements by atomic weight with properties repeating periodically; predicted existence and properties of gallium (eka-aluminium), scandium (eka-boron), and germanium (eka-silicon) — all later discovered; Principles of Chemistry textbook enormously influential; never received Nobel Prize","[""Periodic law (1869): properties of elements are periodic functions of atomic weight — organizing all of chemistry"", ""Predictive power: predicted three undiscovered elements (Ga, Sc, Ge) with approximate properties — validation of periodic law"", ""Principles of Chemistry: textbook organizing chemical knowledge around periodic law, widely translated""]","[""O zavisimosti svoystv ot atomnogo vesa elementov (On the Relationship between the Properties and Atomic Weights of the Elements, 1869)"", ""Osnovy khimii (Principles of Chemistry, 1868-1871)""]","all chemistry, atomic physics, nuclear physics",Nuclear physics (Trunk 3) via prediction that periodic law implies atomic structure; atomic number later explained periodicity,"Lothar Meyer (independent periodic law), Julius Lothar Meyer, William Odling",Never received Nobel Prize (widely considered oversight; Nobel committee may have considered work too old); dispute with Lothar Meyer over independent periodic table discovery; several elements placed in wrong order by atomic weight were later corrected by Moseley using atomic number,SRC_076,B,E2
PION_156,Sadi Carnot,1796,1832,France,"thermodynamics, engineering physics",Reflections on the Motive Power of Fire (1824): analyzed ideal heat engine thermodynamically; Carnot cycle (isothermal and adiabatic reversible steps); maximum efficiency limited by temperature difference between reservoirs — still using caloric theory but results remain correct; died of cholera aged 36 with ideas largely unrecognized,"[""Carnot efficiency: maximum efficiency of heat engine = 1 - Tcold/Thot — absolute thermodynamic limit regardless of working substance"", ""Carnot cycle: two isothermal and two adiabatic reversible steps — defines ideal engine"", ""Reversibility principle: maximum work obtainable only from fully reversible processes""]","[""Réflexions sur la Puissance Motrice du Feu et sur les Machines Propres à Développer cette Puissance (1824)""]","thermodynamics, mechanical engineering, refrigeration technology",Steam engine engineering (Trunk 8); refrigeration technology (Trunk 8),"James Watt (steam engines), Émile Clapeyron (extended Carnot's work graphically)","Carnot used caloric theory (heat as fluid) which was later shown wrong, yet his efficiency results are correct under correct theory; his work was forgotten until Clapeyron republished it (1834) and Clausius used it (1850); private notebooks show Carnot was moving toward mechanical heat theory before his death",SRC_081,B,E2
PION_157,James Prescott Joule,1818,1889,England,"thermodynamics, experimental physics",Mechanical equivalent of heat (1840s): precisely measured that mechanical work converts to heat at fixed ratio (4.184 J/cal); demonstrated heat is a form of energy not a substance; experimental foundation for first law of thermodynamics; paddle wheel experiment; Joule heating (I²R) in conductors; unit joule named for him,"[""Mechanical equivalent of heat (1843-1849): mechanical work and heat interconvert at fixed ratio — heat is a form of energy, not substance (caloric)"", ""Joule heating: heat generated in conductor = I²Rt — established quantitative electrical heating"", ""First law experimental basis: energy conservation through precise measurement of work-heat equivalence""]","[""On the Mechanical Equivalent of Heat (1843, 1845, 1847 — multiple increasingly precise measurements)"", ""On the Calorific Effects of Magneto-Electricity and on the Mechanical Value of Heat (1843)""]","thermodynamics, energy physics, mechanical engineering",Mechanical engineering (Trunk 8) via energy equivalence; electrical engineering via Joule heating,"William Thomson (Lord Kelvin), Hermann von Helmholtz (energy conservation), Julius Robert von Mayer",Joule's early papers rejected by Philosophical Transactions; initially dismissed by British scientific establishment; priority dispute with Mayer (German) over energy conservation discovery; Joule was a Manchester brewer not a professional scientist,SRC_081,B,E2
PION_158,Rudolf Clausius,1822,1888,Germany,"thermodynamics, kinetic theory, statistical mechanics","Second law of thermodynamics (1850): heat cannot spontaneously flow from cold to hot; entropy concept (1865): coined term, entropy of universe tends toward maximum; internal energy and enthalpy; Clausius-Clapeyron equation; kinetic theory mean free path; organized thermodynamics into systematic science","[""Second law (1850): heat cannot pass from a colder to a hotter body without other effects — Clausius statement"", ""Entropy (1865): coined term; entropy of universe increases in irreversible processes — thermodynamic arrow of time"", ""Clausius-Clapeyron: dP/dT = L/TΔV — phase transition pressure-temperature relationship""]","[""Über die bewegende Kraft der Wärme (1850, second law)"", ""Über verschiedene für die Anwendung bequeme Formen der Hauptgleichungen der mechanischen Wärmetheorie (1865, entropy)""]","thermodynamics, statistical mechanics, physical chemistry","Information theory (entropy concept extended by Boltzmann, Shannon) — Trunk 9","William Thomson (Lord Kelvin, independent second law), James Clerk Maxwell (kinetic theory), Ludwig Boltzmann (statistical interpretation)",Clausius-Kelvin priority dispute over second law formulation (1850); dispute with Rankine; Boltzmann later showed entropy has statistical interpretation which Clausius resisted; criticized for not developing statistical mechanics himself,SRC_081,B,E2
PION_159,William Thomson (Lord Kelvin),1824,1907,Scotland,"thermodynamics, electromagnetism, applied physics","Kelvin absolute temperature scale (1848): zero Kelvin = absolute zero; second law formulation (1851): impossible to obtain useful work solely from cooling a body; transatlantic telegraph cable (1858); wide-ranging physics; became increasingly conservative opposing atomic theory, X-rays, radio; estimated Earth age incorrectly","[""Absolute temperature scale (1848): temperature measured from absolute zero (-273.15°C), independent of thermometric substance"", ""Second law (Kelvin statement, 1851): no process can extract heat from single reservoir and convert entirely to work"", ""Transatlantic cable (1858): calculated signal delay and designed practical cable laying using electromagnetic theory""]","[""On an Absolute Thermometric Scale (1848)"", ""On the Dynamical Theory of Heat (1851, second law)"", ""Baltimore Lectures on Molecular Dynamics and the Wave Theory of Light (1884)""]","thermodynamics, electromagnetism, electrical engineering, geology",Electrical engineering (Trunk 8) via telegraph cable theory; geology via (wrong) Earth age estimate,"James Prescott Joule (collaboration on Joule-Thomson effect), James Clerk Maxwell (electromagnetism), Rudolf Clausius",Kelvin's estimate of Earth age (20-100 million years) based on cooling contradicted geological and biological evidence — Kelvin was wrong (radioactive heat ignored); his opposition to atomic theory and X-rays in old age tarnished legacy; once predicted heavier-than-air flight impossible,SRC_081,B,E2
PION_160,Hermann von Helmholtz,1821,1894,Germany,"thermodynamics, physiology, electrodynamics, psychology",Energy conservation (1847): Über die Erhaltung der Kraft — comprehensive statement of energy conservation across all physical and physiological processes; heat death of universe; Helmholtz free energy F = U - TS; optics of vision and hearing physiology; electrodynamics; Berlin Physical Institute director; bridged physics and physiology,"[""Energy conservation (1847): all natural processes conserve total energy across mechanical, thermal, electrical, chemical forms"", ""Helmholtz free energy: F = U - TS — determines maximum work obtainable from system at constant temperature"", ""Physiology of perception: mathematical analysis of vision (three-color theory) and hearing (resonance theory of cochlea)""]","[""Über die Erhaltung der Kraft (1847, energy conservation)"", ""Handbuch der physiologischen Optik (1856-1867)"", ""Die Lehre von den Tonempfindungen (1863)""]","thermodynamics, physiology, optics, electrodynamics, psychology",Physiology (Trunk 5) via quantitative approach; Psychology (Trunk 7) via perception studies,"James Prescott Joule (energy conservation independent), Julius Robert von Mayer (independent), Rudolf Clausius, James Clerk Maxwell",Priority dispute with Mayer over energy conservation; Helmholtz's first paper rejected as insufficiently mathematical; his physiological work opposed by vitalists; student Heinrich Hertz confirmed EM waves Helmholtz had theorized differently,SRC_081,B,E2
PION_161,Ludwig Boltzmann,1844,1906,Austria,"statistical mechanics, kinetic theory, thermodynamics",Statistical interpretation of entropy (1870s-1890s): S = k log W — entropy equals Boltzmann constant times logarithm of number of microstates; H-theorem (approach to equilibrium); kinetic theory of gases; defended atomic theory against Mach and energeticists; suicide in 1906 partly attributable to isolation from scientific community despite being vindicated by Einstein and Perrin,"[""S = k log W (1870s-1890s): entropy equals Boltzmann constant times logarithm of number of microstates — statistical interpretation of second law"", ""H-theorem: shows approach to equilibrium statistically; second law is probabilistic not absolute"", ""Boltzmann distribution: probability of state proportional to exp(-E/kT) — fundamental to statistical mechanics""]","[""Weitere Studien über das Wärmegleichgewicht unter Gasmolekülen (1872, H-theorem)"", ""Über die Beziehung zwischen dem zweiten Hauptsatze der mechanischen Wärmetheorie und der Wahrscheinlichkeitsrechnung (1877, S = k log W)""]","statistical mechanics, thermodynamics, quantum mechanics, information theory","Information theory via Shannon entropy (Trunk 9); quantum statistical mechanics (Bose-Einstein, Fermi-Dirac)","James Clerk Maxwell (kinetic theory), Josef Loschmidt (Loschmidt objection), Ernst Mach (anti-atomic opponent), J. Willard Gibbs",Boltzmann faced sustained opposition from Mach and energeticists who denied atomic reality; Loschmidt reversibility objection and Zermelo recurrence objection challenged H-theorem; Boltzmann's statistical mechanics vindicated posthumously by Perrin (1908) and Einstein (1905); suicide September 1906,"SRC_081, SRC_079",A,E2
PION_162,Hans Christian Oersted,1777,1851,Denmark,"electromagnetism, chemistry, natural philosophy",Discovered connection between electricity and magnetism (1820): electric current in wire deflects compass needle — first demonstration of electromagnetism; announcement in Latin pamphlet circulated internationally July 1820; also discovered piperine (alkaloid in pepper); Kantian nature philosopher who sought unity of natural forces,"[""Electromagnetic connection (1820): electric current produces magnetic effect in surrounding space — founded electromagnetism"", ""Current deflects compass: sustained current in wire causes compass needle to deflect perpendicular to wire"", ""Unity of forces: philosophical conviction that electricity, magnetism, heat, light are manifestations of one fundamental force""]","[""Experimenta circa effectum conflictus electrici in acum magneticam (1820, Latin pamphlet announcing electromagnetism discovery)""]","electromagnetism, electrical technology, chemistry",Electrical engineering (Trunk 8) via foundation of electromagnetism,"André-Marie Ampère (immediately extended his discovery), Michael Faraday, Dominique François Jean Arago",Oersted published result without theoretical explanation; Ampère immediately mathematized the discovery; controversy whether Oersted truly understood what he had found; his Kantian natural philosophy seen as unscientific by contemporaries,SRC_083,B,E2
PION_163,André-Marie Ampère,1775,1836,France,"electromagnetism, mathematics, natural philosophy",Quantified electromagnetism within days of Oersted's 1820 announcement; Ampère's law: force between current-carrying wires and magnetic field from current; mathematical electrodynamics founding; two parallel wires carrying current in same direction attract; ampere unit named for him; worked with extraordinary speed in intense creative burst,"[""Ampère's law (1820): magnetic field circulates around current-carrying conductor in proportion to current — mathematical electrodynamics"", ""Force between parallel currents: same direction currents attract, opposite repel — basis for SI definition of ampere"", ""Electrodynamics: new unified theory treating electricity and magnetism mathematically""]","[""Mémoire sur la théorie mathématique des phénomènes électrodynamiques uniquement déduite de l'expérience (1827)""]","electromagnetism, electrical engineering, mathematical physics",Electrical engineering (Trunk 8) via quantitative electromagnetism; SI units definition,"Hans Christian Oersted (whose discovery he extended), Michael Faraday (experimental counterpart), Jean-Baptiste Biot, Félix Savart",Ampère rushed to publish immediately after Oersted's discovery with barely enough time for experiments; some historians question how much was derived from experiment vs. theoretical argument; personal life marked by tragedy,SRC_083,B,E2
PION_164,Michael Faraday,1791,1867,England,"electromagnetism, electrochemistry, field theory",Electromagnetic induction (1831): changing magnetic flux induces electromotive force in conductor — principle of electric generator and transformer; field concept: lines of force filling space; Faraday's laws of electrolysis (quantitative); benzene isolation (1825); electric motor principle; self-educated blacksmith's son who became greatest experimental physicist; inspired Maxwell's field theory,"[""Electromagnetic induction (1831): changing magnetic field induces electric current — basis of generators, transformers"", ""Electric and magnetic field concept: force transmitted through continuous medium (lines of force) — inspired Maxwell"", ""Faraday's laws of electrolysis: mass deposited proportional to charge passed and to equivalent weight""]","[""Experimental Researches in Electricity (3 volumes, 1839-1855)"", ""A Speculation Touching Electric Conduction and the Nature of Matter (1844)""]","electromagnetism, electrochemistry, field theory, electrical engineering",Electrical engineering (Trunk 8) via generator principle; electrochemistry industrial applications,"James Clerk Maxwell (who mathematized Faraday's field ideas), William Thomson (Lord Kelvin), André-Marie Ampère",Faraday had no university education and little mathematics — resented by some mathematicians; field theory concept initially controversial; his religious beliefs (Sandemanian) affected social position; later mental decline from mercury poisoning possibly,SRC_083,B,E2
PION_165,James Clerk Maxwell,1831,1879,Scotland,"electromagnetism, statistical mechanics, thermodynamics, optics",Unified electromagnetic theory (1864-1873): four equations describing all electromagnetic phenomena; predicted electromagnetic waves traveling at speed of light — light IS electromagnetic wave; kinetic theory velocity distribution (Maxwell-Boltzmann distribution); Saturn ring analysis; color photography; first Cavendish Laboratory director (1874); died of cancer aged 48,"[""Maxwell's equations (1864-1873): four equations (Gauss's law, no magnetic monopoles, Faraday's law, Ampère-Maxwell law) completely describe electromagnetism"", ""Electromagnetic waves: displacement current term predicts waves traveling at c — light is electromagnetic wave"", ""Maxwell-Boltzmann distribution: velocity distribution of molecules in ideal gas at temperature T""]","[""A Dynamical Theory of the Electromagnetic Field (1865)"", ""A Treatise on Electricity and Magnetism (1873)"", ""Illustrations of the Dynamical Theory of Gases (1860, velocity distribution)""]","electromagnetism, optics, statistical mechanics, quantum mechanics, relativity",Electrical engineering (Trunk 8) via EM theory foundation; radio technology; telecommunications,"Michael Faraday (whose field ideas he mathematized), Ludwig Boltzmann (statistical mechanics), William Thomson (Lord Kelvin)",Maxwell's original 20-equation formulation was reformulated to 4 equations by Heaviside and Hertz; his mechanical ether model later abandoned; Cavendish Laboratory director appointment controversial; died before seeing Hertz confirm EM waves experimentally,"SRC_083, SRC_082",A,E2
PION_166,Heinrich Hertz,1857,1894,Germany,"electromagnetism, experimental physics","Experimentally generated and detected electromagnetic waves (1887-1888): confirmed Maxwell's prediction that EM waves exist and travel at speed of light; demonstrated reflection, refraction, polarization of EM waves; discovered photoelectric effect (1887) though did not explain it (Einstein did in 1905); died at 36 of bone cancer; hertz unit named for him","[""EM wave generation and detection (1887): spark gap oscillator generates EM waves detected by resonant loop — direct confirmation of Maxwell"", ""EM wave properties: EM waves reflected, refracted, polarized like light — demonstrating light-EM identity"", ""Photoelectric effect (1887): UV light causes spark discharge at lower voltage — discovered but not explained""]","[""Über die Ausbreitungsgeschwindigkeit der elektrodynamischen Wirkungen (1888)"", ""Über Strahlen elektrischer Kraft (1888)"", ""Electric Waves (1893, collected papers)""]","electromagnetism, radio technology, photoelectric effect",Radio and telecommunications (Trunk 8) via EM wave confirmation,"James Clerk Maxwell (whose theory he confirmed), Oliver Heaviside, Wilhelm Wien, Helmholtz (teacher)",Hertz did not recognize commercial potential of EM waves (Marconi did); his reformulation of Maxwell's equations influenced by Helmholtz's different electrodynamics; premature death prevented further contributions,SRC_083,B,E2
PION_167,Oliver Heaviside,1850,1925,England,"electromagnetism, mathematics, electrical engineering",Reformulated Maxwell's equations from 20 equations to modern compact vector form of 4 equations (1884); operational calculus (Heaviside calculus) for solving differential equations in electrical circuits; transmission line theory (telegrapher's equations); predicted ionosphere independently; self-taught deaf autodidact who lived reclusively,"[""Maxwell's equations in vector form (1884): reformulated Maxwell's 20 equations into 4 using vector notation — the modern form universally used"", ""Operational calculus: replaced differential equations with algebraic manipulation using operator D — simplified circuit analysis"", ""Heaviside layer (ionosphere, 1902): predicted conducting layer in upper atmosphere reflecting radio waves""]","[""Electrical Papers (2 volumes, 1892)"", ""Electromagnetic Theory (3 volumes, 1893-1912)""]","electromagnetism, electrical engineering, mathematical physics",Electrical engineering and telecommunications (Trunk 8) via circuit theory; operational calculus used in engineering,"James Clerk Maxwell (whose equations he reformed), Heinrich Hertz (co-reformulated Maxwell), Oliver Lodge, George FitzGerald",Heaviside was largely ignored by scientific establishment for years; his operational calculus used without rigorous justification — later validated by Laplace transform theory; disputes with Preece of Post Office over telephone cable theory; lived in poverty and eccentricity in later life,SRC_083,B,E2
PION_168,J.J. Thomson,1856,1940,England,"atomic physics, experimental physics","Discovered electron (1897): cathode rays are negatively charged particles with definite mass-to-charge ratio; measured e/m; ""plum pudding"" atomic model (electrons embedded in positive sphere); Cavendish Laboratory director 1884-1919; discovered neon isotopes; trained 7 Nobel laureates as students; Nobel Physics (1906)","[""Electron discovery (1897): cathode rays are particles (electrons) with mass ~1/1836 proton — atoms are divisible"", ""e/m measurement: precise measurement of electron charge-to-mass ratio across different cathode materials"", ""Plum pudding model: electrons embedded in uniform positive sphere — superseded by Rutherford (1911)""]","[""Cathode Rays (Philosophical Magazine, 1897, electron discovery)"", ""The Corpuscular Theory of Matter (1907)""]","atomic physics, particle physics, mass spectrometry, electronics",Electronics industry (Trunk 8) via electron physics; particle physics lineage,"Ernest Rutherford (student who superseded plum pudding model), Niels Bohr, Marie Curie, Philipp Lenard",Rutherford (Thomson's student) showed Thomson's plum pudding model was wrong (1911); Thomson won Nobel for electron discovery but his atomic model was incorrect; priority claims by Lenard for cathode ray particle nature disputed,SRC_079,B,E2
PION_169,Max Planck,1858,1947,Germany,"quantum mechanics, thermodynamics",Initiated quantum revolution with blackbody radiation solution (1900): introduced energy quantization E = nhν as mathematical trick to fit data; Planck's constant h fundamental; thermodynamics research; Nobel Physics (1918); personally conservative but scientifically revolutionary; survived two World Wars losing son in each,"[""Energy quantization (1900): energy exchanged only in discrete quanta E = nhν — the quantum hypothesis that initiated quantum revolution"", ""Planck's constant h: universal constant h = 6.626×10⁻³⁴ J·s appearing in all quantum phenomena"", ""Blackbody radiation spectrum: correct formula UV catastrophe solved by quantum hypothesis""]","[""Über eine Verbesserung der Wien'schen Spektralgleichung (1900, first quantum paper)"", ""Zur Theorie des Gesetzes der Energieverteilung im Normalspectrum (1900, full treatment)""]","quantum mechanics, thermodynamics, atomic physics",All of modern physics and chemistry via quantum mechanics,"Albert Einstein (extended quantization to light), Niels Bohr, Heinrich Rubens (experimental collaborator)",Planck himself did not believe quantization was physically real — considered it a mathematical device; years of resistance before accepting quantum mechanics; his son Erwin was executed by Nazis in 1944,"SRC_078, SRC_079",A,E2
PION_170,Albert Einstein,1879,1955,"Germany, Switzerland, USA","quantum mechanics, relativity, statistical mechanics","Annus mirabilis 1905: photoelectric effect (light quanta), special relativity (E=mc²), Brownian motion (atomic proof); general relativity (1915, gravity as spacetime curvature); stimulated emission (1917, basis of laser); Einstein condensation (1924-1925); opposed quantum mechanics probabilistic interpretation (EPR, 1935); Nobel Physics (1921, for photoelectric effect)","[""Photoelectric effect (1905): light consists of quanta (photons) of energy E = hν — extended Planck's quantization"", ""Special relativity (1905): space and time relative; E = mc²; speed of light constant for all observers"", ""General relativity (1915): gravity is curvature of spacetime caused by mass-energy""]","[""Über einen die Erzeugung und Verwandlung des Lichtes betreffenden heuristischen Gesichtspunkt (1905, photoelectric effect)"", ""Zur Elektrodynamik bewegter Körper (1905, special relativity)"", ""Die Grundlage der allgemeinen Relativitätstheorie (1916)""]","quantum mechanics, relativity, cosmology, statistical mechanics, atomic physics",Cosmology (Trunk 6); atomic bomb (Trunk 8 engineering); GPS technology via general relativity,"Niels Bohr (great debate partner), Max Planck (quantum founder), Hendrik Lorentz, Marcel Grossmann (mathematics collaborator)",Einstein never accepted quantum mechanics probabilistic interpretation (God does not play dice); EPR paradox (1935) intended to refute QM but later used to confirm entanglement; refused to leave Germany until 1933; his unified field theory program ultimately unsuccessful,"SRC_078, SRC_080",A,E2
PION_171,Niels Bohr,1885,1962,Denmark,"quantum mechanics, atomic physics","Bohr atomic model (1913): electrons in quantized orbits with energy En = -13.6/n² eV, explained hydrogen spectrum; correspondence principle; complementarity principle; Copenhagen interpretation of quantum mechanics (probabilistic, observer-dependent); Copenhagen Institute established as world centre of quantum physics; Manhattan Project advisor; Nobel Physics (1922)","[""Bohr atomic model (1913): electrons occupy quantized orbits; transitions emit/absorb light of frequency ΔE/h — explained hydrogen spectrum"", ""Correspondence principle: quantum mechanics must reproduce classical physics in the limit of large quantum numbers"", ""Copenhagen interpretation: wave function collapses on measurement; probability is fundamental not epistemic""]","[""On the Constitution of Atoms and Molecules (1913, trilogy)"", ""The Quantum Theory of Line Spectra (1918)"", ""Atomic Theory and the Description of Nature (1934)""]","quantum mechanics, atomic physics, nuclear physics",Nuclear physics and weapons via Manhattan Project advice; atomic structure underlying all chemistry,"Albert Einstein (great debate partner), Werner Heisenberg (close collaborator), Erwin Schrödinger, Wolfgang Pauli",Copenhagen interpretation remains most disputed topic in physics philosophy; Bohr-Einstein debate still unresolved philosophically; Bohr's wartime role complex (helped escape occupied Denmark 1943; advised on atomic bomb),"SRC_078, SRC_079",A,E2
PION_172,Louis de Broglie,1892,1987,France,"quantum mechanics, wave-particle duality",Wave-particle duality for matter (1924 PhD thesis): if light has particle properties then matter should have wave properties; de Broglie wavelength λ = h/p; revolutionary PhD thesis inspired Schrödinger's wave mechanics; Nobel Physics (1929); later proposed hidden variable interpretation opposing Copenhagen; long life as elder statesman of physics,"[""Matter waves (1924): momentum p particle has associated wavelength λ = h/p — de Broglie relation extending wave-particle duality to matter"", ""Electron diffraction: matter waves should produce diffraction — confirmed by Davisson-Germer (1927)"", ""Pilot wave theory: later proposed deterministic hidden variable interpretation of quantum mechanics""]","[""Recherches sur la théorie des quanta (PhD thesis, 1924)"", ""Ondes et quanta (1923, preliminary paper)""]","quantum mechanics, electron microscopy, neutron scattering",Electron microscopy (Trunk 8) via matter wave concept; materials characterization by neutron diffraction,"Erwin Schrödinger (used de Broglie waves in wave equation), Albert Einstein (impressed PhD committee), Niels Bohr",De Broglie's PhD committee uncertain whether to pass; Einstein's recommendation crucial; later hidden variable interpretation opposed by mainstream Copenhagen physics; de Broglie abandoned Copenhagen interpretation,SRC_078,B,E2
PION_173,Werner Heisenberg,1901,1976,Germany,"quantum mechanics, nuclear physics, particle physics",Matrix mechanics (July 1925): first complete formulation of quantum mechanics using matrices not continuous variables; uncertainty principle (1927): Δx·Δp ≥ ℏ/2 — fundamental limit not measurement limitation; Nobel Physics (1932); directed German nuclear fission program (WWII) — controversial; post-war rehabilitation in West German physics,"[""Matrix mechanics (July 1925): quantum observables are matrices not numbers; non-commutativity explains why QM differs from classical — founding of quantum mechanics"", ""Uncertainty principle (1927): position and momentum cannot be simultaneously known with arbitrary precision — fundamental feature of nature"", ""S-matrix theory: framework for particle scattering processes""]","[""Über quantentheoretische Umdeutung kinematischer und mechanischer Beziehungen (1925, matrix mechanics)"", ""Über den anschaulichen Inhalt der quantentheoretischen Kinematik und Mechanik (1927, uncertainty principle)""]","quantum mechanics, particle physics, nuclear physics",Nuclear energy and weapons (Trunk 8); all modern quantum technology,"Max Born (matrix mechanics collaborator), Pascual Jordan (matrix mechanics collaborator), Erwin Schrödinger (wave mechanics equivalent), Niels Bohr (mentor)",Heisenberg's role in German nuclear weapons program remains most disputed question — deliberately sabotaged or genuinely failed? Farm Hall conversations after capture suggest both; philosophical disagreements with Einstein and Schrödinger on meaning of quantum mechanics,"SRC_078, SRC_079",A,E2
PION_174,Erwin Schrödinger,1887,1961,Austria,"quantum mechanics, molecular biology foundations","Wave mechanics (1926): Schrödinger equation iℏ∂ψ/∂t = Hψ governing quantum systems; showed equivalence to Heisenberg's matrix mechanics; wave function interpretation debate; Schrödinger's cat thought experiment (1935) illustrating quantum measurement problem; What is Life? (1944) influencing molecular biology; Nobel Physics (1933, shared with Dirac)","[""Schrödinger equation (1926): wave equation for quantum mechanics — determines time evolution of wave function"", ""Equivalence to matrix mechanics (1926): proved wave and matrix formulations mathematically equivalent"", ""Schrödinger's cat (1935): thought experiment showing quantum superposition paradox at macroscopic scale""]","[""Quantisierung als Eigenwertproblem (4 papers, 1926, wave mechanics)"", ""Der stetige Übergang von der Mikro- zur Makromechanik (1926, coherent states)"", ""What is Life? (1944)""]","quantum mechanics, molecular biology, quantum chemistry","Molecular biology (Trunk 5) via What is Life? inspiring Watson, Crick, and others toward DNA","Werner Heisenberg (equivalent formulation), Max Born (probabilistic interpretation), Paul Dirac, Niels Bohr",Schrödinger rejected Born's probabilistic interpretation of his wave function; Schrödinger's cat paradox still discussed; his personal life (wife and mistress simultaneously) caused controversy in Dublin; interpretation of wave function remains unsettled,"SRC_078, SRC_079",A,E2
PION_175,Max Born,1882,1970,"Germany, UK","quantum mechanics, statistical physics","Probabilistic interpretation of wave function (1926): |ψ|² is probability density — quantum mechanics is inherently probabilistic not deterministic; matrix mechanics co-developed with Heisenberg and Jordan; Born approximation in scattering; Nobel Physics (1954, delayed 28 years!); fled Nazis to Edinburgh; influenced generations of quantum physicists","[""Probabilistic wave function (1926): |ψ(x)|² gives probability density of finding particle at x — quantum mechanics is fundamentally probabilistic"", ""Matrix mechanics (1925, with Heisenberg and Jordan): full mathematical formulation using matrix algebra"", ""Born approximation: perturbation theory for quantum scattering — widely used in collision physics""]","[""Quantenmechanik der Stossvorgänge (1926, probabilistic interpretation)"", ""Zur Quantenmechanik with Heisenberg and Jordan (1925, matrix mechanics)"", ""Atomic Physics (1935, textbook)""]","quantum mechanics, atomic physics, molecular physics",All quantum technologies rely on Born rule for computing probabilities,"Werner Heisenberg (student and collaborator), Pascual Jordan (collaborator), Albert Einstein (friend who rejected probabilism)",Born's Nobel Prize delayed until 1954 despite probabilistic interpretation being 1926 — committee uncertainty about credit; Einstein rejected Born's probabilism (famous letters: God does not play dice); Heisenberg did not share Nobel with Born and Jordan despite matrix mechanics being joint work,SRC_078,B,E2
PION_176,Wolfgang Pauli,1900,1958,"Austria, Switzerland","quantum mechanics, particle physics","Pauli exclusion principle (1925): no two fermions can occupy same quantum state — explains electron shells, periodic table, matter stability; spin hypothesis; neutrino prediction (1930, confirmed 1956); spin-statistics theorem; Nobel Physics (1945); legendary critical physicist known for devastating critiques","[""Exclusion principle (1925): no two fermions can have identical quantum numbers — explains atomic shell structure and periodic table"", ""Neutrino prediction (1930): hypothetical neutral particle to conserve energy in beta decay — confirmed 1956 by Cowan-Reines"", ""Spin-statistics theorem: fermions obey Fermi-Dirac statistics, bosons obey Bose-Einstein statistics""]","[""Über den Zusammenhang des Abschlusses der Elektronengruppen im Atom mit der Komplexstruktur der Spektren (1925, exclusion principle)"", ""Offener Brief an die Gruppe der Radioaktiven bei der Gauvereinstagung (1930, neutrino prediction letter)""]","quantum mechanics, particle physics, atomic physics, chemistry",All chemistry via electron shell structure from exclusion principle; nuclear and particle physics,"Werner Heisenberg (close friend and collaborator), Niels Bohr (mentor), Albert Einstein, Max Born","Pauli's neutrino letter was informal and unpublished for years; famous for saying ideas were ""not even wrong""; Pauli effect (experimental apparatus broke in his presence) legendary; his sharp critiques alienated colleagues",SRC_079,B,E2
PION_177,Paul Dirac,1902,1984,UK,"quantum mechanics, quantum field theory, mathematical physics","Relativistic quantum mechanics (Dirac equation, 1928): first quantum equation consistent with special relativity; predicted antimatter (positron, confirmed 1932); quantum field theory foundations; bra-ket notation; The Principles of Quantum Mechanics textbook (1930) definitive for a generation; Nobel Physics (1933, shared with Schrödinger); principle of mathematical beauty","[""Dirac equation (1928): first order relativistic wave equation for spin-1/2 particles — predicted electron spin and antimatter"", ""Antimatter prediction (1931): negative energy solutions of Dirac equation predicted positron — confirmed experimentally 1932"", ""Quantum field theory: canonical quantization of fields; foundations of QED""]","[""The Quantum Theory of the Electron (1928, Dirac equation)"", ""The Principles of Quantum Mechanics (1930, definitive textbook)"", ""A Theory of Electrons and Protons (1930, antimatter)""]","quantum mechanics, quantum field theory, particle physics, mathematical physics",Particle physics and cosmology (matter-antimatter); medical imaging via positron (PET scans),"Erwin Schrödinger (shared Nobel), Werner Heisenberg, Niels Bohr, Werner Pauli",Dirac was famously taciturn and asocial; his mathematical beauty principle (beautiful equations must be correct) criticized as unscientific; large numbers hypothesis (cosmological connection) speculative; antimatter prediction initially seemed unphysical,"SRC_079, SRC_080",A,E2
PION_178,Pascual Jordan,1902,1980,Germany,"quantum mechanics, quantum field theory",Matrix mechanics co-developer with Born and Heisenberg (1925): the Born-Jordan-Heisenberg paper completed matrix mechanics formulation; Jordan canonical quantization of fields (1926); early quantum field theory; later joined Nazi party — which severely damaged his scientific reputation and likely cost him Nobel Prize,"[""Matrix mechanics (1925, with Born and Heisenberg): Zur Quantenmechanik paper with Born completing matrix mechanics using canonical commutation relations"", ""Field quantization (1926): quantum fields as infinite collection of harmonic oscillators — foundation of quantum field theory"", ""Jordan algebra: non-associative algebra for quantum observables (later pure mathematics interest)""]","[""Zur Quantenmechanik with Born and Heisenberg (1925)"", ""Über Wellen und Korpuskeln in der Quantenmechanik (1926, canonical quantization)""]","quantum mechanics, quantum field theory",Quantum field theory foundation underlying all modern particle physics,"Max Born (close collaborator), Werner Heisenberg (matrix mechanics co-developer), Paul Dirac",Jordan's Nazi party membership (1933) severely damaged reputation; excluded from major positions post-1945; Heisenberg did not mention Jordan in Nobel lecture despite Jordan's major contribution to matrix mechanics; likely not considered for Nobel Prize due to political history,SRC_078,B,E2
PION_179,Marie Curie,1867,1934,"Poland, France","radioactivity, nuclear physics, chemistry","Coined term radioactivity; isolated radium and polonium (1898) showing radioactivity is atomic property not chemical reaction; first person to receive two Nobel Prizes (Physics 1903, Chemistry 1911); first woman Nobel Prize winner; director Paris Radium Institute; died of aplastic anemia from radiation exposure; broke through major gender barriers in science","[""Radioactivity as atomic property (1898): radioactivity intrinsic to certain atoms not molecular structure — term coined by Marie Curie"", ""Polonium and radium isolation (1898): two new radioactive elements isolated by systematic chemical separation"", ""Radioactivity quantification: invented electrometer method to measure radioactivity intensity precisely""]","[""Recherches sur les substances radioactives (doctoral thesis, 1903)"", ""Traité de radioactivité (2 volumes, 1910)""]","radioactivity, nuclear physics, radiation medicine, chemistry",Medical physics (Trunk 4) via radiation therapy; nuclear physics military applications,"Pierre Curie (husband and collaborator), Henri Becquerel (radioactivity discoverer), Ernest Rutherford",Marie Curie's second Nobel in Chemistry controversial — Physics community felt Chemistry Nobel inappropriate; Académie des Sciences refused to admit her despite two Nobels; affair with Paul Langevin after Pierre's death caused scandal; radiation exposure not understood in her lifetime,SRC_079,B,E2
PION_180,Ernest Rutherford,1871,1937,"New Zealand, UK","nuclear physics, radioactivity, atomic structure","Identified alpha, beta, gamma radiation types; nuclear atomic model (1911): gold foil alpha scattering showed atoms have tiny dense positive nucleus with electrons orbiting; transmutation (1919): first artificial nuclear reaction; Cavendish Laboratory director 1919-1937; trained many Nobel laureates; Nobel Chemistry (1908, ironic — for physics work)","[""Nuclear atom (1911): alpha particle scattering by gold foil shows atoms are mostly empty space with tiny dense nucleus"", ""Alpha, beta, gamma classification (1899-1903): three distinct types of radioactive emission with different properties"", ""Artificial transmutation (1919): alpha bombardment of nitrogen produces oxygen and proton — first artificial nuclear reaction""]","[""The Scattering of Alpha and Beta Particles by Matter and the Structure of the Atom (1911)"", ""Collision of Alpha Particles with Light Atoms IV: An Anomalous Effect in Nitrogen (1919, transmutation)""]","nuclear physics, atomic physics, particle physics",Nuclear energy and weapons (Trunk 8); medical radiation therapy,"J.J. Thomson (teacher whose model Rutherford superseded), Niels Bohr (developed Rutherford model), James Chadwick (student)",Rutherford received Chemistry Nobel for what was fundamentally physics work — reportedly said he had observed many transformations but never seen such rapid transformation as his own into chemist; underestimated practical potential of nuclear energy; trained students who won Nobels but was possessive of Cavendish,"SRC_079, SRC_080",A,E2
PION_181,Hendrik Lorentz,1853,1928,Netherlands,"electromagnetism, relativity, electron theory","Electron theory of matter applying Maxwell's electromagnetism to atomic scale; Lorentz transformation (1904): coordinate transformations at relative velocities incorporating length contraction and time dilation — precursor to special relativity though still in ether framework; Lorentz force on charged particle in EM field; Nobel Physics (1902, shared with Zeeman)","[""Lorentz transformation (1904): coordinate transformations between inertial frames incorporating length contraction and time dilation — Einstein built on these"", ""Lorentz force: F = q(E + v×B) — force on charged particle in electric and magnetic fields"", ""Electron theory: Maxwell's electromagnetism extended to atomic scale treating matter as composed of electrons""]","[""Versuch einer Theorie der electrischen und optischen Erscheinungen in bewegten Körpern (1895)"", ""Electromagnetic phenomena in a system moving with any velocity smaller than that of light (1904)""]","electromagnetism, special relativity, atomic physics",Special relativity foundation; electron physics enabling all modern electronics,"Albert Einstein (who built on Lorentz transformations), Henri Poincaré (independent transformations), Heinrich Hertz, Pieter Zeeman",Lorentz had essentially the mathematics of special relativity but interpreted within ether framework — Einstein's physical interpretation was what made special relativity; Lorentz-Poincaré vs. Einstein priority debate on special relativity still discussed,SRC_079,B,E2
PION_182,Hermann Minkowski,1864,1909,Germany (born Lithuania),"special relativity, mathematics","Spacetime formulation of special relativity (1908): unified space and time into four-dimensional Minkowski spacetime with Lorentzian metric; ""henceforth space by itself and time by itself are doomed to fade away"" speech (1908); simplified and clarified special relativity geometrically; enabled general relativity; was Einstein's professor at ETH Zurich","[""Minkowski spacetime (1908): four-dimensional unified space-time with metric ds² = -c²dt² + dx² + dy² + dz² — geometrizes special relativity"", ""Spacetime interval: invariant quantity under Lorentz transformations — physical meaning more transparent"", ""Four-vectors: unified notation for relativistic mechanics using 4-vectors""]","[""Raum und Zeit (Space and Time, 1908 lecture published 1909)""]","special relativity, general relativity, mathematical physics",Cosmology (Trunk 6) via spacetime concept; GPS corrections via relativistic time dilation,"Albert Einstein (whose special relativity he geometrized; Einstein's former professor), Hendrik Lorentz, Henri Poincaré",Minkowski died suddenly at 44 of appendicitis; Einstein initially dismissive of Minkowski's geometrical formulation (called it superfluous learning) but later embraced it fully for general relativity; priority considerations with Poincaré on four-dimensional formalism,SRC_079,B,E2
PION_183,Arthur Eddington,1882,1944,UK,"relativity, astrophysics, cosmology",Led 1919 solar eclipse expedition that confirmed general relativity's light bending prediction — made Einstein internationally famous overnight; stellar structure theory (Eddington luminosity limit); Eddington number and cosmological speculation; science popularizer; pacifist Quaker who refused military service in WWI; bridged physics and astronomy,"[""1919 eclipse expedition: measured light bending by Sun = 1.75 arcsec confirming general relativity — made Einstein world-famous"", ""Stellar structure: radiative transfer in stellar interiors; Eddington luminosity limit (radiation pressure vs. gravity)"", ""Eddington number: large number hypothesis connecting cosmology and atomic physics (speculative)""]","[""The Internal Constitution of the Stars (1926)"", ""The Mathematical Theory of Relativity (1923)"", ""Space, Time and Gravitation (1920)""]","relativity, astrophysics, cosmology, science communication",Cosmology (Trunk 6) via stellar physics and relativity confirmation,"Albert Einstein (whose theory he confirmed), James Jeans (astrophysics rival), Subrahmanyan Chandrasekhar (student whose white dwarf limit Eddington wrongly rejected)",Eddington's 1919 eclipse data quality later questioned (some plates discarded); his rejection of Chandrasekhar's correct white dwarf limit (1930s) delayed neutron star and black hole theory by years; his mystical numerology (Eddington number) not taken seriously,SRC_079,B,E2
PION_184,Jean Perrin,1870,1942,France,"experimental physics, atomic physics, statistical mechanics",Brownian motion experiments (1908-1912): measured Avogadro's number from Brownian motion quantitatively confirming atomic hypothesis; vindicated Boltzmann's statistical mechanics posthumously; cathode ray charge measurement; sedimentation equilibrium method; Nobel Physics (1926) for experimental proof of atomic reality,"[""Brownian motion verification (1908-1913): measured Avogadro's number N_A = 6.02×10²³ from diffusion and sedimentation — confirmed atomic theory"", ""Experimental atomic proof: multiple independent methods all gave consistent Avogadro number — conclusive atomic reality"", ""Sedimentation equilibrium: microscopic particles in vertical gradient follow barometric formula — direct atomic mass measurement""]","[""Les Atomes (1913, summary of atomic proof)"", ""Mouvement brownien et réalité moléculaire (1909)""]","atomic physics, statistical mechanics, physical chemistry",Colloidal chemistry (Trunk 3/5 overlap); polymer physics via related techniques,"Albert Einstein (whose Brownian motion theory 1905 he confirmed), Ludwig Boltzmann (whose statistical mechanics he vindicated), Wilhelm Ostwald (who accepted atoms after Perrin)",Perrin's vindication of atoms converted Ostwald who had been the most prominent opponent; Perrin later became involved in French science policy and some of his speculative ideas were not confirmed,"SRC_081, SRC_079",A,E2
PION_185,Gustav Kirchhoff,1824,1887,Germany,"spectroscopy, thermodynamics, electrical circuit theory","Spectroscopy co-founded with Bunsen (1859-1860): each element has unique spectral fingerprint; solar spectrum dark lines are element absorption signatures; discovered caesium and rubidium spectroscopically; Kirchhoff's laws for electrical circuits (junction and loop rules); blackbody radiation problem formulated (Kirchhoff's law, 1859) — eventually solved by Planck","[""Spectral analysis (1859-1860, with Bunsen): each element emits/absorbs unique spectrum — enables elemental identification from light"", ""Kirchhoff's circuit laws: current law (sum at junction = 0) and voltage law (sum around loop = 0)"", ""Blackbody radiation problem (1859): defined blackbody and stated problem of spectral distribution — Planck solved in 1900""]","[""Chemische Analyse durch Spectralbeobachtungen with Bunsen (1860)"", ""Über das Verhältnis zwischen dem Emissionsvermögen und dem Absorptionsvermögen der Körper für Wärme und Licht (1859)""]","spectroscopy, analytical chemistry, electrical engineering, astrophysics",Electrical engineering (Trunk 8) via circuit laws; astrophysics (Trunk 6) via spectral analysis of stars,"Robert Bunsen (spectroscopy collaborator), Hermann von Helmholtz (Heidelberg colleague), Max Planck (solved Kirchhoff's blackbody problem)","Priority for spectral analysis disputed with earlier work by Swan, Angström; Kirchhoff's circuit laws were preceded by Ohm but Kirchhoff systematized them; blackbody problem formulation precise contribution uncertain",SRC_076,B,E2
PION_186,Robert Bunsen,1811,1899,Germany,"analytical chemistry, spectroscopy, inorganic chemistry",Spectroscopy co-founded with Kirchhoff (1859-1860): revolutionized elemental analysis; caesium and rubidium discovered by spectroscopy; Bunsen burner (actually improved from earlier designs but standardized and popularized); flash photolysis precursor; organoarsenic chemistry (organoarsenic poisoning of himself); did not publish theoretical spectroscopy formula — focused on applications,"[""Spectral analysis with Kirchhoff (1859-1860): each element has characteristic spectral lines — enables chemical identification from emission or absorption"", ""Caesium (1860) and rubidium (1861) discovery: first elements discovered by spectroscopy"", ""Bunsen burner: produced reliable clean hot flame for laboratory work and spectroscopy""]","[""Chemische Analyse durch Spectralbeobachtungen with Kirchhoff (1860)"", ""Gasometrische Methoden (1857)""]","analytical chemistry, spectroscopy, inorganic chemistry, astrophysics",Astrophysics (Trunk 6) via stellar spectroscopy; analytical chemistry applied in all natural sciences,"Gustav Kirchhoff (spectroscopy partner), Justus von Liebig (contemporary chemist), Henry Roscoe (student)",Bunsen burner attribution: similar burners existed earlier; Bunsen's refusal to develop theoretical explanation for spectral lines left gap that Kirchhoff's physics filled; known for extreme experimental focus to exclusion of theory,SRC_076,B,E2
PION_187,Pieter Zeeman,1865,1943,Netherlands,"atomic physics, spectroscopy, electromagnetism","Zeeman effect (1896-1897): spectral lines split in strong magnetic fields — provided first evidence of electron charge-to-mass ratio; Nobel Physics (1902, shared with Lorentz); experimental proof that atoms contain charged particles; anomalous Zeeman effect later required quantum mechanical spin for explanation","[""Zeeman effect (1896): spectral lines split into multiple components in magnetic field — magnetic field interacts with atomic electrons"", ""Normal Zeeman effect: three-component splitting explained by classical electron theory"", ""Anomalous Zeeman effect: more complex splitting patterns requiring electron spin (quantum) for explanation""]","[""Over den invloed eener magnetisatie op den aard van het door een stof uitgezonden licht (1896)"", ""On the Influence of Magnetism on the Nature of the Light Emitted by a Substance (1897)""]","atomic spectroscopy, atomic physics, quantum mechanics",Astrophysics (Trunk 6) via stellar magnetic field measurement by Zeeman effect,"Hendrik Lorentz (predicted and explained normal Zeeman effect), Pieter Zeeman, Albert Einstein",Zeeman effect experimental results initially disputed by his director Kamerlingh Onnes; anomalous Zeeman effect remained mysterious until electron spin concept (Uhlenbeck-Goudsmit 1925),SRC_079,B,E2
PION_188,Frederick Soddy,1877,1956,UK,"nuclear chemistry, radioactivity, isotopes",Isotopes (1913): atoms of same element with different atomic masses — coined term isotope; radioactive decay series mapping; transmutation theory with Rutherford (1902-1903); Nobel Chemistry (1921); later wrote on economics of energy and advocated for nuclear disarmament; became increasingly eccentric and socially withdrawn,"[""Isotopes (1913): atoms of same chemical element can have different masses — coined term isotope from Greek for same place in periodic table"", ""Radioactive decay series (1902-1913): mapped decay chains showing radioactive elements transform into others"", ""Transmutation theory (with Rutherford, 1902): radioactivity is atomic disintegration producing new elements""]","[""The Cause and Nature of Radioactivity with Rutherford (1902-1903)"", ""Intra-Atomic Charge (1913, isotopes)"", ""The Interpretation of Radium (1909)""]","nuclear chemistry, isotope chemistry, isotope geology, nuclear physics",Geology and geochronology (Trunk 6) via isotopic dating; nuclear energy,"Ernest Rutherford (early collaborator), Marie Curie, Francis Aston (isotope mass measurement)","Soddy's economic writings (Wealth, Virtual Wealth and Debt 1926) outside mainstream economics; his later isolation and bitterness; Nobel Prize acceptance speech notable for social criticism; disagreements with Rutherford in later career",SRC_079,B,E2
PION_189,James Chadwick,1891,1974,UK,"nuclear physics, particle physics",Neutron discovered (1932): bombarding beryllium with alpha particles produces neutral radiation — identified as neutrons with mass approximately equal to proton; completed nuclear constituent picture (protons + neutrons + electrons); Nobel Physics (1935); directed British Manhattan Project participation; later first Master of Gonville and Caius College Cambridge who was also a scientist,"[""Neutron discovery (1932): neutral particle with mass ~proton from alpha bombardment of beryllium — explains isotopes and nuclear masses"", ""Nuclear constituents completed: nucleus contains protons and neutrons (nucleons) — explains all nuclear properties"", ""Neutron reactions: neutrons interact via strong force not electromagnetism — enables nuclear reactions without Coulomb barrier""]","[""Possible Existence of a Neutron (1932, Nature letter)"", ""The Existence of a Neutron (1932, Proc. Royal Society, full paper)""]","nuclear physics, particle physics, nuclear chemistry",Nuclear energy and weapons (Trunk 8) via neutron-induced fission possibility,"Ernest Rutherford (director, neutron predicted earlier), Irène and Frédéric Joliot-Curie (competing interpretation), Enrico Fermi (used neutrons for nuclear reactions)",Chadwick nearly missed neutron discovery — Joliot-Curie published first but misidentified radiation as gamma rays; Chadwick's wartime role in Manhattan Project troubled him morally; criticized British government post-war for nuclear policy,SRC_080,B,E2
PION_190,Enrico Fermi,1901,1954,"Italy, USA","nuclear physics, particle physics, statistical mechanics","Fermi-Dirac statistics (1926): quantum statistics for fermions; beta decay theory (1934) introducing weak nuclear force; neutron-induced radioactivity (1934-1938) producing artificial isotopes; first controlled nuclear chain reaction (Chicago Pile-1, December 2 1942); Nobel Physics (1938); died of stomach cancer from neutron radiation","[""Fermi-Dirac statistics (1926): quantum statistics for half-integer spin particles (fermions) — explains electron gas behavior in metals"", ""Beta decay theory (1934): introduced neutrino interaction with nucleus as new force (weak nuclear force)"", ""Chicago Pile-1 (December 2, 1942): first controlled self-sustaining nuclear chain reaction — initiated nuclear age""]","[""Sulla quantizzazione del gas perfetto monoatomico (1926, Fermi-Dirac statistics)"", ""Versuch einer Theorie der beta-Strahlen (1934, weak interaction)"", ""Radioactivity Induced by Neutron Bombardment (1934)""]","nuclear physics, particle physics, condensed matter physics, nuclear engineering",Nuclear energy and weapons (Trunk 8); nuclear medicine (Trunk 4),"James Chadwick (neutron discovery enabling his work), Niels Bohr, J. Robert Oppenheimer (Manhattan Project director)",Fermi's group in Rome (1934-1938) produced transuranic elements but misidentified them as new elements above uranium — it was fission; Nobel Prize accepted as reason to leave Fascist Italy (wife Laura Jewish); Manhattan Project moral questions; died early from radiation exposure,"SRC_079, SRC_080",A,E2
PION_191,Lise Meitner,1878,1968,"Austria, Sweden","nuclear physics, nuclear fission","Nuclear fission theoretical explanation (December 1938/January 1939): with nephew Otto Frisch, explained Hahn's experimental results as fission using liquid drop model and mass-energy equivalence; named the process fission; first female professor in Germany (1926); escaped Nazi Germany 1938; never received Nobel Prize despite nomination — Hahn received sole Nobel 1944","[""Nuclear fission theory (1939): heavy nucleus splits when neutron absorbed due to surface tension analogy; mass deficit released as energy E=mc²"", ""Liquid drop model application: explains fission barriers and energy release from nuclear binding energy"", ""Named fission: coined term nuclear fission (Kernspaltung) from biological cell division analogy""]","[""Disintegration of Uranium by Neutrons: A New Type of Nuclear Reaction with Otto Frisch (1939, Nature)""]","nuclear physics, nuclear chemistry, nuclear energy",Nuclear energy and weapons (Trunk 8); Nobel Physics 1944 should have included Meitner according to modern assessment,"Otto Hahn (collaborator for 30 years; Nobel without her), Otto Frisch (nephew who collaborated on fission theory), Niels Bohr (who announced fission in USA)",Meitner is one of the most glaring Nobel Prize omissions — sole Nobel for fission went to Hahn (1944) despite Meitner's crucial theoretical contribution; gender and Jewish heritage affected career and recognition; element meitnerium (Mt) named in her honor in 1997; Hahn's role in her Nobel omission disputed,SRC_079,B,E2
PION_192,Otto Hahn,1879,1968,Germany,"nuclear chemistry, radioactivity, nuclear fission",Nuclear fission discovery (1938-1939): bombarding uranium with neutrons produced barium — impossible under classical nuclear physics; Nobel Chemistry (1944) — controversy persists about Meitner's exclusion; protactinium discovery; thorium X discovery; radiochemistry methods development; post-war opponent of nuclear weapons (Göttingen Manifesto 1957),"[""Nuclear fission experimental discovery (1938): uranium bombarded by neutrons produces barium — first experimental evidence for fission"", ""Radiochemistry: systematic separation and identification of radioactive decay products using chemical methods"", ""Göttingen Manifesto (1957): led 18 German nuclear physicists refusing to participate in nuclear weapons program""]","[""Nachweis der Entstehung aktiver Bariumisotope aus Uran und Thorium durch Neutronenbestrahlung with Strassmann (1939)""]","nuclear chemistry, nuclear physics, radiochemistry",Nuclear energy and weapons (Trunk 8); medical isotopes (Trunk 4),"Lise Meitner (collaborator for 30 years), Fritz Strassmann (experimental collaborator for fission), Otto Frisch","Hahn received sole Nobel for fission, excluding Meitner — widely considered unjust; Hahn's post-war claim that he and Strassmann had understood fission before consulting Meitner disputed; complex complicity in Nazi Germany while helping Jewish colleagues escape",SRC_079,B,E2
PION_193,Irving Langmuir,1881,1957,USA,"surface chemistry, physical chemistry, plasma physics","Surface chemistry and adsorption (Langmuir isotherm, 1918): monolayer adsorption theory relating surface coverage to pressure; extended Lewis electron pair bond theory; electron bombardment filaments; General Electric Research Laboratory; cloud seeding; Nobel Chemistry (1932) — first industrial researcher to receive Chemistry Nobel","[""Langmuir isotherm (1918): fraction of surface covered = KP/(1+KP) — monolayer adsorption theory for gas on solid surface"", ""Surface-active molecules: amphiphilic molecules form monolayers at interfaces — Langmuir trough measurement"", ""Plasma physics: studied ionized gases; coined term plasma for fourth state of matter""]","[""The Adsorption of Gases on Plane Surfaces of Glass, Mica and Platinum (1918)"", ""The Structure of Atoms and the Octet Theory of Valence (1919)""]","surface chemistry, physical chemistry, heterogeneous catalysis, plasma physics",Industrial catalysis (Trunk 8); semiconductor surface passivation; meteorology via cloud seeding,"Gilbert N. Lewis (extended his bonding ideas), Gilbert Newton Lewis, Irving Langmuir",Langmuir received Nobel partly for work extending Lewis's electron pair bond ideas — Lewis felt this was unjust; cloud seeding results later shown to be much less reliable than Langmuir claimed,SRC_075,B,E2
PION_194,Peter Debye,1884,1966,"Netherlands, USA","physical chemistry, polymer physics, crystallography","Dipole moment concept and measurement; Debye-Hückel theory of electrolyte solutions (1923) — rigorous treatment of ion-ion interactions; X-ray and neutron powder diffraction (Debye-Scherrer method); specific heat of solids (Debye model, 1912); polymer light scattering for molecular weight; Nobel Chemistry (1936); fled Nazi Germany but wartime activities investigated","[""Debye-Hückel theory (1923): rigorous treatment of strong electrolyte activity coefficients from electrostatic interactions"", ""Debye model of specific heat (1912): phonon model of specific heat C_V approaches 3R at high T — improved Einstein model"", ""Debye-Scherrer X-ray powder diffraction: polycrystalline samples give powder diffraction patterns for structure determination""]","[""Zur Theorie der spezifischen Wärmen with Born (1912, Debye model)"", ""Zur Theorie der Elektrolyte with Hückel (1923)""]","physical chemistry, electrochemistry, polymer physics, crystallography",Materials characterization (Trunk 3/8) via X-ray diffraction; electrochemistry industrial applications,"Walther Nernst (physical chemistry), Wilhelm Wien (X-ray diffraction), Arnold Sommerfeld (quantum physics)",Debye stayed in Nazi Germany until 1940 administering German Physical Society — investigation whether complicit in expulsion of Jewish members; Dutch scientific community long debated de-naming Debye Institute; post-war investigation cleared him of serious charges but controversy persists,SRC_075,B,E2
PION_195,Linus Pauling,1901,1994,USA,"chemical bonding, structural chemistry, biochemistry, peace activism","Valence bond theory and resonance concept (1930s): covalent bond as quantum mechanical superposition; electronegativity scale; protein alpha-helix structure (1951); sickle cell anemia as molecular disease (1949); two Nobel Prizes (Chemistry 1954, Peace 1962); vitamin C megadose advocacy controversial; greatest structural chemist of 20th century","[""Valence bond theory and resonance (1931-1939): chemical bonds are quantum superpositions of multiple electron configurations — resonance structures"", ""Electronegativity scale (1932): quantitative measure of atom's electron attracting power in bond"", ""Protein alpha-helix (1951): right-handed helical structure stabilized by hydrogen bonds every 3.6 residues""]","[""The Nature of the Chemical Bond (1939, book)"", ""The Structure of Proteins: Two Hydrogen-Bonded Helical Configurations of the Polypeptide Chain with Corey and Branson (1951)""]","chemical bonding, structural chemistry, biochemistry, molecular medicine",Biochemistry and molecular medicine (Trunk 5/4) via protein structure and molecular disease concept,"Robert Corey (structural crystallography partner), Watson and Crick (competed on DNA structure), Gilbert N. Lewis (chemical bonding precursor)",Pauling's vitamin C megadose advocacy not confirmed by clinical trials — later reputation damaged; proposed wrong triple-helix DNA structure (1953); advocacy for unilateral disarmament criticized by US government; passport revoked during McCarthy era,SRC_079,B,E2
PION_196,Albert A. Michelson,1852,1931,USA,"optics, precision measurement, experimental physics","Michelson interferometer (1880s): instrument measuring speed of light and later detecting absence of ether; Michelson-Morley experiment (1887) with Morley: null result for ether drift — led to special relativity; most precise measurement of speed of light in his era; Nobel Physics (1907, first American); measured diameter of Betelgeuse","[""Michelson interferometer (1881): precision optical instrument splitting and recombining light beams — measures minute path differences"", ""Michelson-Morley experiment (1887): no ether drift detected — speed of light same in all directions"", ""Speed of light measurement: multiple increasingly precise measurements; 1926 measurement c = 299,796 km/s""]","[""On the Relative Motion of the Earth and the Luminiferous Ether (with Morley, 1887)"", ""Measurement of the Velocity of Light (1927)""]","optics, relativity, precision measurement, interferometry",Special relativity foundations; interferometric precision measurement used in LIGO gravitational wave detection,"Edward Morley (experiment partner), Hendrik Lorentz (theoretical interpretation), Albert Einstein",Michelson himself believed in the ether and was disappointed by null result; various attempted explanations including FitzGerald contraction preceded Einstein's definitive solution; LIGO gravitational wave detector uses Michelson interferometer principle — vindicated legacy,SRC_079,B,E2
PION_197,William Henry Bragg,1862,1942,UK,"X-ray crystallography, atomic physics","X-ray crystallography co-founded with son (1913-1915): showed X-rays diffracted by crystal lattices reveal atomic positions; Bragg's law nλ = 2d·sin(θ); Nobel Physics (1915, shared with son W.L. Bragg) — only father-son pair to share Nobel; Royal Institution and Royal Society president; directe Davy Faraday Laboratory","[""Bragg's law (1913): nλ = 2d·sinθ — X-rays reflected from crystal planes constructively interfere when path difference equals integer wavelengths"", ""X-ray spectrometer: designed instrument measuring X-ray wavelengths reflected from crystal planes"", ""Crystal structure determination: showed atomic positions in NaCl and other crystals by X-ray diffraction""]","[""The Reflection of X-Rays by Crystals with W.L. Bragg (1913)"", ""X-Rays and Crystal Structure with W.L. Bragg (1915)""]","X-ray crystallography, crystal physics, molecular structure determination",Structural biology (Trunk 5) via protein and DNA crystallography; materials science (Trunk 3) via crystal structure,"William Lawrence Bragg (son and co-discoverer), Max von Laue (X-ray diffraction discoverer), Ernest Rutherford",Father and son credit division complex — generally William Lawrence (son) considered to have made more of the theoretical contribution; von Laue had discovered X-ray diffraction one year before Braggs but Braggs developed practical method,SRC_079,B,E2
PION_198,William Lawrence Bragg,1890,1971,"Australia, UK","X-ray crystallography, crystal physics","X-ray crystallography co-founded with father (1913-1915): derived Bragg's law at age 22; determined first crystal structures; Nobel Physics (1915, shared with father); became youngest Nobel laureate at 25; Cavendish Laboratory director after Rutherford; crucially supported Watson and Crick in DNA structure work; established macromolecular crystallography","[""Bragg's law derivation (1912): derived nλ = 2d·sinθ at age 22 from von Laue's diffraction phenomenon — made crystallography practical"", ""First crystal structures: NaCl, KCl, ZnS structures determined from X-ray diffraction — atomic positions in 3D"", ""Macromolecular crystallography: supported and directed protein crystallography at Cavendish leading to Perutz, Kendrew, Watson, Crick""]","[""The Diffraction of Short Electromagnetic Waves by a Crystal (1912, Bragg's law)"", ""The Structure of Some Crystals as Indicated by Their Diffraction of X-Rays (1913)""]","X-ray crystallography, structural biology, materials science",Structural biology (Trunk 5) via support for DNA and protein crystallography; materials science,"William Henry Bragg (father), Max Perutz (Cavendish student), John Kendrew, Watson and Crick (supervised at Cavendish)",Being youngest Nobel laureate overshadowed in later career; his role in DNA structure story complex — denied Rosalind Franklin credit for her X-ray data; X-ray crystallography credit between father and son historically disputed,SRC_079,B,E2
PION_199,Robert A. Millikan,1868,1953,USA,"experimental physics, atomic physics",Oil drop experiment (1909-1913): measured charge of single electron precisely by balancing gravity and electric force on oil droplets; confirmed atomic nature of charge; photoelectric effect measurements confirmed Einstein's equation; Nobel Physics (1923); first major American experimental physicist of quantum era; Caltech president,"[""Oil drop experiment (1909-1913): measured electron charge e = 1.602×10⁻¹⁹ C by balancing gravity and electric force on single oil droplets"", ""Photoelectric effect measurement: precise measurements confirmed Einstein's hν = ½mv² + φ equation"", ""Cosmic ray research: demonstrated cosmic rays are particles not photons""]","[""On the Elementary Electrical Charge and the Avogadro Constant (1913, oil drop)"", ""A Direct Photoelectric Determination of Planck's h (1916)""]","atomic physics, experimental physics, quantum mechanics",All of quantum physics via fundamental constant measurement; cosmic ray physics (Trunk 6),"Albert Einstein (whose equations he confirmed), Niels Bohr, Felix Ehrenhaft (disputed Millikan's selectivity)",Millikan accused of selectively discarding data points (Ehrenhaft dispute over electron charge); his racist views on eugenics; his cosmological views on cosmic rays wrong; some historians critical of how he treated competitors,SRC_079,B,E2
PION_200,Richard Feynman,1918,1988,USA,"quantum electrodynamics, quantum field theory, quantum computing",Co-developed QED renormalization (1946-1949) independently; invented Feynman diagrams — visual/calculational tool now universal across physics; parton model of nucleon structure; proposed quantum computer concept (1982); Feynman Lectures on Physics (1963); Nobel Physics 1965,"[""QED path-integral formulation: sum over all possible paths of particle; alternative to Schwinger and Tomonaga operator methods"", ""Feynman diagrams (1948): spacetime diagrams representing particle interactions; calculational tool adopted universally in quantum field theory"", ""Parton model (1969): nucleons contain point-like constituents (partons/quarks) explaining deep inelastic scattering"", ""Quantum computing concept (1982 lecture): quantum system to simulate quantum systems — computational power unavailable classically""]","[""Space-Time Approach to Quantum Electrodynamics (1949, Physical Review 76)"", ""The Feynman Lectures on Physics (1963, 3 vols)"", ""QED: The Strange Theory of Light and Matter (1985)""]","QFT, condensed matter, quantum computing, particle physics",Quantum computing (CON_011); condensed matter effective field theories; inspired entire generation of physicists,"Julian Schwinger (independent QED), Sin-Itiro Tomonaga (independent QED), Freeman Dyson (unified three formulations)",Feynman diagrams initially resisted by Schwinger who considered them insufficiently rigorous; Feynman publicly criticized Manhattan Project security after-the-fact; personal behavior controversies documented posthumously,SRC_099,B,E2
PION_201,Julian Schwinger,1918,1994,USA,"quantum electrodynamics, quantum field theory","Independent QED formulation (1946-1949) using operator field theory methods; renormalization of QED; predicted and calculated anomalous magnetic moment of electron (1948); source theory (later career, unconventional); Nobel Physics 1965 shared with Feynman and Tomonaga; trained many Nobel laureates","[""QED operator method: rigorous mathematical treatment using Green functions and field operators"", ""Anomalous magnetic moment: g-factor of electron differs from exactly 2; calculated QED correction α/2π — first precision QED prediction"", ""Renormalization: systematic procedure for removing divergences in QED calculations"", ""Source theory (1970s): alternative to conventional QFT; largely not adopted by community""]","[""On Quantum-Electrodynamics and the Magnetic Moment of the Electron (1948, Physical Review 73)"", ""Quantum Electrodynamics (collected papers, 1958)""]","QFT, quantum electrodynamics, nuclear physics",Nuclear physics applications; precision electromagnetic measurements,"Richard Feynman (independent QED), Sin-Itiro Tomonaga (independent QED), Freeman Dyson","Feynman-Schwinger rivalry; Schwinger method harder to use than Feynman diagrams, which dominated community; source theory criticized as not equivalent to standard QFT; teaching style demanding",SRC_099,B,E2
PION_202,Sin-Itirō Tomonaga,1906,1979,Japan,"quantum electrodynamics, quantum field theory","Independent QED formulation in wartime Japan (1943-1947, published 1946-1947); super-many-time theory — covariant treatment of quantum field theory; Nobel Physics 1965; demonstrated physics could progress independently under wartime isolation","[""Super-many-time theory (1943): Lorentz-covariant formulation of quantum field dynamics; each field point has its own time parameter"", ""Renormalization independently discovered in Japan: QED divergences removable by mass and charge renormalization"", ""Independent development: equivalent results to Feynman and Schwinger without direct communication during WWII""]","[""On a Relativistically Invariant Formulation of the Quantum Theory of Wave Fields (1946, Progress of Theoretical Physics)"", ""Scientific Papers of Tomonaga (2 vols, 1971)""]","QFT, theoretical physics in Japan",Established Japanese physics community; demonstrated non-Western independent contributions to highest-level theoretical physics,"Richard Feynman (independent QED), Julian Schwinger (independent QED), Freeman Dyson",Work initially unknown in West due to language and wartime isolation; Dyson-mediated recognition was critical for Nobel consideration,SRC_099,B,E2
PION_203,Freeman Dyson,1923,2020,UK/USA,"quantum electrodynamics, mathematical physics","Proved mathematical equivalence of Feynman, Schwinger, and Tomonaga QED formulations (1948-1949) — unified quantum field theory; Dyson-Schwinger equations; wide contributions including solid state physics, nuclear weapons design (Project Orion), SETI; never received Nobel (widely considered oversight)","[""QED unification (1948-1949): proved Feynman path-integral, Schwinger operator, and Tomonaga covariant methods are mathematically equivalent"", ""Renormalization proof: showed all divergences in QED are removable to all orders of perturbation theory"", ""Dyson-Schwinger equations: non-perturbative integral equations for quantum field propagators and vertices""]","[""The Radiation Theories of Tomonaga, Schwinger, and Feynman (1949, Physical Review 75)"", ""The S-Matrix in Quantum Electrodynamics (1949, Physical Review 75)""]","QFT, mathematical physics, nuclear physics, astrophysics",Wide influence across physics; science writing reached general public; Project Orion (nuclear propulsion),"Richard Feynman (Princeton/Cornell), Julian Schwinger, Sin-Itiro Tomonaga; Robert Oppenheimer (IAS director)","Never received Nobel Prize despite unifying QED — attributed to Nobelitis (Nobel committee does not award for unification, only discovery); later career heretical views on climate modeling; unconventional positions on multiple topics",SRC_099,B,E2
PION_204,Murray Gell-Mann,1929,2019,USA,"particle physics, quantum field theory","Quark model (1964) — quarks as fundamental constituents of hadrons (up, down, strange quarks); strangeness quantum number (1953); eightfold way (1961) organizing hadrons by SU(3) symmetry; QCD co-development; coined term ""quark"" from Finnegans Wake; Nobel Physics 1969","[""Quark model (1964, independently with Zweig): hadrons are composed of fractionally charged quarks u, d, s; explains hadron spectrum"", ""Strangeness (1953): new quantum number conserved in strong interactions, not weak — explains K-meson behavior"", ""Eightfold way (1961): SU(3) symmetry classifies baryons and mesons in octets and decuplets"", ""QCD development: with Fritzsch (1972) proposed color charge and gluon exchange as strong force mechanism""]","[""Isotopic Spin and New Unstable Particles (1953, Physical Review 92)"", ""A Schematic Model of Baryons and Mesons (1964, Physics Letters 8)""]","particle physics, quantum field theory, Standard Model",Particle physics extended knowledge of fundamental constituents of all matter; QCD as part of Standard Model,"Richard Feynman (Caltech colleague, rival), George Zweig (independent quark model), Steven Weinberg, Sheldon Glashow",Priority dispute with George Zweig over quark model (Zweig called them aces independently); Feynman and Gell-Mann had famous productive rivalry/tension; complexity theory interests late career seen as departure,SRC_100,B,E2
PION_205,Steven Weinberg,1933,2021,USA,"quantum field theory, electroweak theory, cosmology",Electroweak unification (1967) — unified electromagnetic and weak nuclear forces as aspects of single electroweak force; Weinberg-Salam model predicted W and Z bosons (confirmed 1983); The Quantum Theory of Fields (1995) definitive textbook; The First Three Minutes (1977) cosmology popularization; Nobel Physics 1979,"[""Electroweak unification (1967): electromagnetic and weak forces unified at energies above ~100 GeV; described by SU(2)×U(1) gauge theory"", ""W and Z boson prediction: massive gauge bosons carry weak force; masses predicted from electroweak theory, confirmed at CERN 1983"", ""Spontaneous symmetry breaking: Higgs mechanism gives W and Z bosons masses while photon remains massless"", ""Effective field theory: framework for understanding low-energy limits of underlying theories""]","[""A Model of Leptons (1967, Physical Review Letters 19)"", ""The Quantum Theory of Fields (3 vols, 1995-2000)""]","particle physics, quantum field theory, cosmology, Standard Model",Standard Model cornerstone; effective field theory used across condensed matter; cosmology connection through Big Bang nucleosynthesis,"Sheldon Glashow (collaborator/rival), Abdus Salam (independent electroweak), Murray Gell-Mann",Weinberg-Glashow-Salam model initially ignored (1967-1971) until t Hooft proved renormalizability; tensions with particle physics community over interpretation questions,SRC_100,B,E2
PION_206,David Gross,1941,,USA,"quantum chromodynamics, quantum field theory","Asymptotic freedom in QCD (1973, with Politzer and Wilczek) — quarks interact weakly at high energies but strongly at low energies; made QCD a calculable theory; explains quark confinement; Nobel Physics 2004","[""Asymptotic freedom (1973): QCD coupling constant decreases at high energy (short distances) — quarks are nearly free at very high energy"", ""Non-Abelian gauge theory renormalization: first computed one-loop beta function for SU(3) gauge theory, finding it negative"", ""Implications: explains why perturbation theory works for high-energy scattering; explains Bjorken scaling in deep inelastic scattering""]","[""Ultraviolet Behavior of Non-Abelian Gauge Theories (1973, Physical Review Letters, with Wilczek)"", ""The Discovery of Asymptotic Freedom and the Emergence of QCD (Nobel lecture 2004)""]","QCD, particle physics, Standard Model, string theory","QCD as component of Standard Model; string theory research (KITP, Santa Barbara)","Frank Wilczek (collaborator), David Politzer (independent discovery), Steven Weinberg, Edward Witten","Simultaneous discovery with Politzer (Harvard) caused priority dispute; Gross and Wilczek at Princeton, Politzer at Harvard published simultaneously; Nobel shared three ways",SRC_100,B,E2
PION_207,Peter Higgs,1929,2024,UK,"quantum field theory, particle physics",Higgs mechanism (1964) — explains how elementary particles acquire mass through interaction with the Higgs field; Higgs boson predicted as quantum of the field; boson confirmed at CERN LHC (2012); Nobel Physics 2013 shared with François Englert,"[""Higgs mechanism (1964): spontaneous symmetry breaking of electroweak gauge symmetry; W and Z bosons acquire mass by interacting with Higgs field"", ""Higgs boson: scalar particle predicted as excitation of Higgs field; mass predicted ~125 GeV, confirmed 2012"", ""Mass generation: without Higgs field, all elementary particles would be massless; mechanism unified with electroweak theory""]","[""Broken Symmetries and the Masses of Gauge Bosons (1964, Physical Review Letters 13)"", ""Broken Symmetries, Massless Particles and Gauge Fields (1964, Physics Letters)""]","particle physics, Standard Model, electroweak theory",Standard Model completion; LHC experimental physics; fundamental understanding of mass,"François Englert (independent mechanism), Robert Brout, Philip Anderson (related mechanism in superconductivity)",Englert-Brout paper published slightly before Higgs; Anderson had similar idea in condensed matter context (1962); particle became known as Higgs boson over objection of others who contributed,SRC_100,B,E2
PION_208,John Bardeen,1908,1991,USA,"condensed matter physics, semiconductor physics, superconductivity","Transistor invention (1947, Bell Labs, with Brattain and Shockley) — Nobel Physics 1956; BCS theory of superconductivity (1957, with Cooper and Schrieffer) — Nobel Physics 1972; only person in history to win Nobel Prize in Physics twice; Bell Labs and UIUC career","[""Transistor (1947): semiconductor device amplifying electrical signals using p-n junction — point contact then junction type; replaced vacuum tubes"", ""BCS theory (1957): superconductivity explained by phonon-mediated Cooper pairing; collective quantum state of all Cooper pairs; predicts coherence length, specific heat, isotope effect"", ""Surface state theory: understood role of surface states in semiconductor behavior — led to transistor concept""]","[""The Transistor, A Semi-Conductor Triode (1948, Physical Review, with Brattain)"", ""Theory of Superconductivity (1957, Physical Review 108, with Cooper and Schrieffer)""]","condensed matter, semiconductor physics, superconductivity, computing technology",Computing civilization enabled by transistor (Trunk 9 / Computer Science); semiconductor industry (Trunk 8),"Walter Brattain (transistor co-inventor), William Shockley (transistor co-inventor), Leon Cooper and John Robert Schrieffer (BCS)",Shockley took credit for transistor from Bardeen and Brattain; BCS publication had complex priority negotiations; Bardeen left Bell Labs partly due to Shockley tensions,"SRC_091, SRC_093",A,E2
PION_209,William Shockley,1910,1989,USA,"semiconductor physics, solid state physics",Transistor co-inventor (Nobel Physics 1956); junction transistor design (1949); founding of Shockley Semiconductor Laboratory (1955) — spawned Silicon Valley; Electrons and Holes in Semiconductors textbook (1950); later controversial racial science advocacy,"[""Junction transistor (1949): improved transistor design using p-n-p or n-p-n sandwich; more reliable than point contact; became standard form"", ""Semiconductor theory: developed rigorous theory of electrons and holes in semiconductors; minority carrier injection"", ""Silicon Valley founding: left Bell Labs; recruited exceptional engineers; traitors eight left to found Fairchild; Fairchild to Intel chain""]","[""Electrons and Holes in Semiconductors (1950, Van Nostrand)"", ""The Theory of p-n Junctions in Semiconductors (1949, Bell System Technical Journal)""]","semiconductor physics, solid state physics, Silicon Valley ecosystem",Silicon Valley ecosystem (Trunk 8/engineering); modern computing hardware,"John Bardeen (transistor), Walter Brattain (transistor), Gordon Moore (Fairchild/Intel)","Took credit from Bardeen and Brattain; fired or alienated his talented semiconductor team (the traitorous eight); later became advocate for racial intelligence theories, destroying his scientific reputation",SRC_093,B,E2
PION_210,Philip Anderson,1923,2020,USA,"condensed matter physics, solid state physics",Anderson localization (1958) — electrons in disordered lattice can become localized; More is Different (1972) — emergence principle foundational to condensed matter; antiferromagnetism theory; superexchange mechanism; helped transform solid state to condensed matter physics; Bell Labs and Princeton; Nobel Physics 1977,"[""Anderson localization (1958): electrons in sufficiently disordered lattice become localized (non-conducting) — important for amorphous semiconductors"", ""More is Different (1972): emergent properties at each level of complexity not reducible to lower-level physics — philosophical manifesto of CMP"", ""Superexchange: magnetic interaction mechanism between non-nearest-neighbor ions through intermediate atoms"", ""Anderson-Higgs mechanism: Anderson's 1963 condensed matter paper anticipated Higgs mechanism for mass generation""]","[""Absence of Diffusion in Certain Random Lattices (1958, Physical Review 109)"", ""More is Different (1972, Science 177)""]","condensed matter, disorder physics, high-Tc superconductivity (active contributor), emergence theory",Philosophy of science via emergence principle; resonance finance/economics (emergence in complex systems),"Nevill Mott (Nobel shared 1977), John van Vleck (Nobel shared), John Bardeen (Bell Labs)",Controversial proposal for RVB (resonating valence bond) theory of high-Tc superconductivity (1987) — championed but disputed; strong views on theoretical physics agenda,"SRC_091, SRC_093",A,E2
PION_211,Nevill Mott,1905,1996,UK,"condensed matter physics, semiconductor physics",Mott insulators — metal-insulator transition in transition metal oxides explained by electron correlation (Mott transition); theory of amorphous semiconductors; photographic emulsion theory (silver halide); Nobel Physics 1977 with Anderson and van Vleck,"[""Mott insulator (1949): materials that should be metallic by band theory but are insulating due to electron-electron repulsion (correlation); Mott-Hubbard model"", ""Metal-insulator (Mott) transition: parameter-driven transition from metallic to insulating state"", ""Amorphous semiconductors: electronic properties of non-crystalline materials — basis for amorphous silicon solar cells""]","[""The Basis of the Electron Theory of Metals, with Special Reference to the Transition Metals (Nobel lecture 1977)"", ""Electronic Processes in Non-Crystalline Materials (1971, with E.A. Davis)""]","condensed matter, correlated electron systems, disordered systems, high-Tc research",Strongly correlated electron systems remain active frontier; Mott insulator concept central to high-Tc mechanism debate,"Philip Anderson (Nobel shared), Rudolf Peierls (UK physics), John Slater",Mott transition mechanism competed with band theory explanations; high-Tc debate connections,"SRC_090, SRC_091",A,E2
PION_212,Leon Cooper,1930,,USA,"condensed matter physics, superconductivity","Cooper pairs (1956) — phonon-mediated pairing of electrons with opposite momenta and spins in superconductors; BCS theory co-author (1957, with Bardeen and Schrieffer); Nobel Physics 1972; Brown University career","[""Cooper pairs (1956): two electrons near the Fermi surface form bound pair via phonon-mediated attraction, despite Coulomb repulsion; pairs have opposite momenta and spins"", ""BCS Cooper pair condensate: all Cooper pairs condense into single macroscopic quantum state — explains zero resistance, Meissner effect"", ""Cooper pair coherence length: quantum coherence extends over macroscopic distances in superconductors""]","[""Bound Electron Pairs in a Degenerate Fermi Gas (1956, Physical Review 104)"", ""Theory of Superconductivity (1957, Physical Review 108, BCS paper)""]","superconductivity, condensed matter, quantum many-body theory",BCS pairing mechanism applied to nuclear physics (Cooper pairing in nuclei); Cooper pair concept in ultracold Fermi gases,"John Bardeen (BCS), John Robert Schrieffer (BCS), Vitaly Ginzburg",Pre-BCS papers on Cooper pairing were not immediately recognized as key insight; role in BCS relative to Bardeen and Schrieffer debated in historical accounts,SRC_091,B,E2
PION_213,Brian Josephson,1940,,UK,"condensed matter physics, superconductivity","Josephson effect (1962) predicted as Cambridge PhD student: supercurrent tunnels through insulating barrier between two superconductors; DC Josephson effect (steady current); AC Josephson effect (oscillating current with applied voltage); Nobel Physics 1973; Josephson junctions now used in SQUIDs, superconducting qubits, and voltage standards","[""DC Josephson effect: Cooper pairs tunnel through thin insulating barrier between superconductors with no applied voltage"", ""AC Josephson effect: applying voltage V across junction produces oscillating current at frequency 2eV/h — precise frequency-voltage relation"", ""SQUID (Superconducting Quantum Interference Device): two Josephson junctions in loop; most sensitive magnetic field detector"", ""Superconducting qubits: transmon and other qubits based on Josephson junction nonlinearity""]","[""Possible New Effects in Superconductive Tunnelling (1962, Physics Letters 1)"", ""The Discovery of Tunnelling Supercurrents (Nobel lecture 1973)""]","superconductivity, quantum computing, precision measurement, metrology",Quantum computing hardware via superconducting qubits (CON_011); voltage standard in metrology; SQUID in medical imaging (MEG),"Philip Anderson (who independently predicted the effect), John Bardeen (who disputed Josephson), Brian Pippard (Cambridge supervisor)",Bardeen initially argued Josephson effect was impossible; Josephson correct against Nobel laureate; later career interests in consciousness and mind led to marginalization by physics community,SRC_091,B,E2
PION_214,Klaus von Klitzing,1943,,Germany,"condensed matter physics, quantum Hall physics","Discovered quantum Hall effect (1980) — Hall resistance in 2D electron system in strong magnetic field quantized to h/e² divided by integer, independent of sample geometry; Nobel Physics 1985; defines SI resistance standard (von Klitzing constant RK = 25812.807 Ω)","[""Integer quantum Hall effect (1980): Hall resistance quantized precisely to RK/n (n integer); independent of sample purity and geometry"", ""Von Klitzing constant: h/e² = 25812.807 Ω — now defines resistance standard; related to fine structure constant"", ""Topological origin: QHE is topological phenomenon — Thouless TKNN invariant; robust against disorder"", ""Precursor to topological insulators: QHE edge states are topologically protected conducting channels""]","[""New Method for High-Accuracy Determination of the Fine-Structure Constant Based on Quantized Hall Resistance (1980, Physical Review Letters 45)"", ""Nobel lecture (1985)""]","condensed matter, topological physics, metrology, precision measurement",SI units redefinition (2019) based on Josephson and von Klitzing constants; topological insulator research enabled,"Horst Störmer and Daniel Tsui (fractional QHE 1982), Robert Laughlin (FQHE theory), Philip Anderson",Discovery initially doubted by some referees; publication in Physical Review Letters vs more established journals; rapid Nobel (5 years),SRC_093,B,E2
PION_215,Johannes Georg Bednorz,1950,,Germany,"condensed matter physics, superconductivity, materials science","High-temperature superconductivity in cuprate ceramics (1986, with Müller) — La-Ba-Cu-O ceramic superconducts at 30 K, well above previous record; Nobel Physics 1987 (19 months after discovery — fastest Nobel ever awarded)","[""High-Tc superconductors (1986): cuprate ceramics with perovskite structure superconduct above 30K — later pushed above liquid nitrogen boiling point (77K)"", ""Ceramic superconductors: surprising that ionic ceramic material could be superconducting; challenged BCS paradigm"", ""Opened high-Tc research field: hundreds of groups worldwide competed to find higher transition temperatures after 1986""]","[""Possible High Tc Superconductivity in the Ba-La-Cu-O System (1986, Zeitschrift für Physik B 64)""]","superconductivity, condensed matter, materials science","Potential for room-temperature superconductivity (power transmission, maglev) — not yet achieved; ongoing research","K. Alex Müller (co-discoverer), Paul Chu (pushed to 90K with YBCO), Philip Anderson (RVB theory)",Mechanism of high-Tc superconductivity still unresolved 40+ years after discovery; competing theoretical proposals remain unresolved,SRC_091,B,E2
PION_216,K. Alex Müller,1927,2023,Switzerland,"condensed matter physics, superconductivity","High-temperature superconductivity in cuprate ceramics (1986, with Bednorz) — Nobel Physics 1987; studied Jahn-Teller effect and perovskite oxides for two years before discovery; IBM Zurich Research Laboratory career","[""Strategy: studied Jahn-Teller distorted perovskite oxides systematically as candidates for high-Tc — insight that electron-phonon coupling enhanced by Jahn-Teller effect"", ""Cuprate perovskites: La2CuO4 doped with Ba or Sr shows high-Tc superconductivity"", ""IBM Zurich collaboration: Müller and Bednorz worked quietly for two years before announcement""]","[""Possible High Tc Superconductivity in the Ba-La-Cu-O System (1986, Zeitschrift für Physik B, with Bednorz)""]","superconductivity, condensed matter, materials science, perovskite oxides","Perovskite oxides research (also relevant to ferroelectrics, multiferroics)","Johannes Georg Bednorz (co-discoverer), Ted Geballe, Robert Cava",High-Tc mechanism debate: Müller favored polaronic mechanism while most community believes d-wave pairing; debate unresolved,SRC_091,B,E2
PION_217,Andre Geim,1958,,Netherlands/UK,"condensed matter physics, nanotechnology","Isolated graphene (2004, with Novoselov) using scotch tape mechanical exfoliation; characterized 2D Dirac fermion properties; Nobel Physics 2010; also known for Ig Nobel award (levitating frog with magnets); Manchester University","[""Graphene isolation (2004): single atomic layer of carbon in honeycomb lattice isolated by simple tape method from graphite"", ""Dirac fermions in graphene: electrons in graphene behave as massless relativistic particles; anomalous quantum Hall effect"", ""Scotch tape method: deceptively simple mechanical exfoliation; key insight that single layers could be transferred and studied"", ""2D materials paradigm: graphene opened exploration of MoS2, hBN, and other 2D materials""]","[""Electric Field Effect in Atomically Thin Carbon Films (2004, Science, with Novoselov)""]","condensed matter, 2D materials, nanotechnology, materials science","Nanotechnology applications (CON_006, CON_010); semiconductor electronics at 2D limit","Konstantin Novoselov (co-discoverer), Philip Kim (independent graphene work), Walt de Heer","Priority: several groups approaching graphene independently; scotch tape method elegance vs earlier chemical vapor deposition approaches; Geim somewhat unconventional career (Ig Nobel, Flying Frog)",SRC_095,B,E2
PION_218,Konstantin Novoselov,1974,,Russia/UK,"condensed matter physics, 2D materials","Graphene isolation and characterization (2004, with Geim) — Nobel Physics 2010; characterization of quantum Hall effect in graphene; 2D material heterostructure research; youngest Nobel laureate in physics at that time (36)","[""Graphene quantum Hall effect: anomalous QHE at room temperature in graphene; Berry phase effect"", ""van der Waals heterostructures: stacking different 2D materials to engineer properties — boron nitride encapsulation of graphene"", ""2D material zoo: systematic exploration of MoS2 and other transition metal dichalcogenides as 2D semiconductors""]","[""Electric Field Effect in Atomically Thin Carbon Films (2004, Science)"", ""Two-dimensional gas of massless Dirac fermions in graphene (2005, Nature)""]","2D materials, condensed matter, nanotechnology, quantum Hall physics","2D materials for electronics, sensors, photonics","Andre Geim (co-discoverer and PhD supervisor), Philip Kim, Pablo Jarillo-Herrero (magic-angle graphene 2018)","Youngest Physics Nobel laureate controversy; magic-angle graphene (twisted bilayer, 2018) extended his work dramatically",SRC_095,B,E2
PION_219,David Thouless,1934,2019,UK/USA,"condensed matter physics, topological physics","TKNN invariant (1982, with Kohmoto, Nightingale, den Nijs) — topological origin of quantized Hall conductance; Kosterlitz-Thouless phase transition (1972-1973, with Kosterlitz) — topological defects driving phase transition in 2D systems; Nobel Physics 2016","[""TKNN invariant (1982): Hall conductance of QHE given by topological invariant (Chern number) of occupied bands — explains exactness of quantization"", ""Kosterlitz-Thouless transition (1972-1973): 2D systems undergo phase transition via unbinding of topological vortex pairs, not conventional symmetry breaking"", ""Topological band theory: topology classifies distinct phases of matter; topological insulators emerged from this framework""]","[""Ordering, Metastability and Phase Transitions in Two-Dimensional Systems (1973, Journal of Physics C, with Kosterlitz)"", ""Quantized Hall Conductance in a Two-Dimensional Periodic Potential (1982, Physical Review Letters, TKNN)""]","condensed matter, topological physics, topological insulators, quantum computing",Topological quantum computing via non-Abelian anyons in topological materials,"J. Michael Kosterlitz (Nobel shared), Duncan Haldane (Nobel shared), Philip Anderson",Topological insulators experimental realization came 30+ years after theoretical prediction,SRC_093,B,E2
PION_220,Duncan Haldane,1951,,UK/USA,"condensed matter physics, topological physics",Haldane chain (1983) — integer-spin antiferromagnetic chains have gap while half-integer spin chains are gapless; topological classification of phases; fractional quantum Hall edge states theory; Berry phase in condensed matter; Nobel Physics 2016,"[""Haldane chain (1983): 1D integer-spin antiferromagnet has energy gap (Haldane gap); half-integer spin chains are gapless — unexpected difference"", ""Haldane model (1988): 2D lattice model with broken time-reversal symmetry; first model of quantum anomalous Hall effect — precursor to topological insulators"", ""Berry phase in condensed matter: geometric phase affecting quantum system carried around loop in parameter space""]","[""Nonlinear Field Theory of Large-Spin Heisenberg Antiferromagnets (1983, Physical Review Letters 50)"", ""Model for a Quantum Hall Effect without Landau Levels (1988, Physical Review Letters 61)""]","condensed matter, topological phases, quantum magnetism, quantum computing",Topological quantum computing; quantum magnetism; topological insulator materials,"David Thouless (Nobel shared), J. Michael Kosterlitz (Nobel shared), Frank Haldane (no relation)",Haldane gap prediction initially controversial; Haldane model (1988) largely ignored for 15 years until topological insulator experiments confirmed its implications,SRC_093,B,E2
PION_221,J. Michael Kosterlitz,1943,,UK/USA,"condensed matter physics, topological phase transitions","Kosterlitz-Thouless (KT) phase transition (1972-1973, with Thouless) — in 2D systems, phase transition driven by binding and unbinding of topological vortex pairs; applicable to 2D magnets, superfluid helium films, superconducting films; Nobel Physics 2016","[""KT transition: 2D systems cannot have conventional long-range order (Mermin-Wagner) but can have topological phase transition at finite temperature"", ""Vortex unbinding: below T_KT, vortex-antivortex pairs bound; above T_KT, free vortices proliferate, destroying quasi-long-range order"", ""Universal jump in superfluid density: superfluid helium films show universal jump at T_KT — confirmed experimentally""]","[""Ordering, Metastability and Phase Transitions in Two-Dimensional Systems (1973, Journal of Physics C, with Thouless)""]","condensed matter, phase transition theory, superfluidity, 2D physics",KT transition in 2D superconductors; 2D magnetic films; atomic physics (cold atom BEC in 2D),"David Thouless (Nobel shared), Duncan Haldane (Nobel shared), Bertrand Halperin",KT transition theoretical prediction; experimental confirmation required decades; Nobel awarded 43 years after original paper,SRC_093,B,E2
PION_222,Morris Cohen,1911,2005,USA,"materials science, metallurgy","Pioneer of Materials Science as academic discipline at MIT; led transformation of MIT metallurgy department into materials science; martensitic transformation research; influential in ARPA IDL programs 1960s; defined ""materials tetrahedron"" pedagogical framework (structure-properties-processing-performance)","[""Materials science institutionalization: led MIT Department of Metallurgy transformation to Materials Science; influenced ARPA IDL program structure"", ""Materials tetrahedron: structure ↔ properties ↔ processing ↔ performance as organizing pedagogical framework for materials science"", ""Martensite research: diffusionless phase transformation in steel; crystallographic theory of martensitic transformation""]","[""MIT Department of Materials Science inaugural curriculum (1960s)"", ""Martensitic transformations research (multiple papers, MIT)""]","materials science, metallurgy, materials engineering education",Industrial metallurgy and materials engineering (Trunk 8); defined academic discipline structure,"Cyril Stanley Smith (MIT colleague), John Wulff (MIT), Bever (MIT history)","Credit for founding materials science contested among MIT, Cornell, and other ARPA IDL universities",SRC_101,B,E2
PION_223,Cyril Stanley Smith,1903,1992,UK/USA,"metallurgy, history of materials science",Metallurgist and historian of materials; grain boundary and microstructure theory; Manhattan Project materials director (Los Alamos); historian of metallurgy tracing from ancient times; bridged Trunk 3 (science) and Trunk 8 (practical arts) in materials knowledge,"[""Grain boundary theory: physical and chemical properties of grain boundaries in metals; grain growth kinetics"", ""History of metallurgy: documented continuity from ancient metallurgy to modern materials science — Trunk 3-Trunk 8 bridge"", ""Manhattan Project: directed materials research at Los Alamos; plutonium metallurgy for implosion device""]","[""A History of Metallography (1960, University of Chicago Press)"", ""From Art to Science: Seventy-Two Objects Illustrating the Nature of Discovery (1980)""]","metallurgy, materials science, history of science, ancient technology","History of technology (Trunk 8); Manhattan Project (nuclear physics, Trunk 3); ancient crafts to science connection","Morris Cohen (MIT colleague), Robert Cahn (materials science history), Buerger (crystallography)",Manhattan Project involvement; historical methodology in science history debated,SRC_094,B,E2
PION_224,Paul Flory,1910,1985,USA,"polymer science, physical chemistry",Polymer chain statistics and thermodynamics; Flory-Huggins theory of polymer solutions (1941-1942); Flory exponent for polymer chain scaling; excluded volume theory; Nobel Chemistry 1974; Stanford professor,"[""Flory-Huggins theory (1941-1942): thermodynamics of polymer-solvent mixtures; Flory-Huggins parameter χ quantifies solvent quality"", ""Flory exponent: polymer chain size scales as N^ν where ν≈0.588 in good solvent (Flory exponent) due to excluded volume"", ""Rotational isomeric state model: chain conformations modeled as rotational states about backbone bonds"", ""Random coil model: polymer chain in theta solvent behaves as random walk""]","[""Principles of Polymer Chemistry (1953, Cornell University Press)"", ""Statistical Mechanics of Chain Molecules (1969)""]","polymer science, soft matter, biopolymers, colloidal science",Biopolymers (Trunk 5 — protein chain statistics); rubber physics and technology (Trunk 8),"Paul Debye (polymer X-ray scattering), Bruno Zimm (light scattering theory), Pierre-Gilles de Gennes (scaling theory extended his work)",Flory exponent: Flory 0.6 approximation replaced by exact de Gennes renormalization group treatment; debate over chain statistics in polymer melts,SRC_094,B,E2
PION_225,Pierre-Gilles de Gennes,1932,2007,France,"polymer science, soft matter physics, liquid crystals",Scaling theory for polymers (extending Flory); liquid crystal theory; wetting and adhesion physics; soft matter physics as intellectual field identity; Nobel Physics 1991,"[""Scaling theory for polymers: renormalization group applied to polymer conformations; exact Flory exponent calculation"", ""Liquid crystal theory: order parameter for nematic and smectic phases; defect topology in liquid crystals"", ""Soft matter physics: unified conceptual framework for polymers, colloids, liquid crystals, gels, foams — all share slow dynamics and sensitivity to weak forces"", ""Reptation model: polymer chain in entangled melt moves by snake-like reptation along its own contour""]","[""Scaling Concepts in Polymer Physics (1979, Cornell University Press)"", ""The Physics of Liquid Crystals (1974)""]","polymer physics, soft matter, liquid crystals, biological materials, colloids",Liquid crystal displays (Trunk 8 technology); biophysics of polymers (Trunk 5),"Paul Flory (precursor), Samuel Edwards (polymer theory), Sam Safran (soft matter)",Reptation model controversial vs other chain dynamics models; Nobel acknowledged as unusual for a physicist working in chemistry-adjacent areas,SRC_092,B,E2
PION_226,Herbert Kroemer,1928,2024,Germany/USA,"semiconductor physics, heterostructures",Double heterostructure laser and LED concept (1963) — semiconductor laser based on heterojunction; quasi-electric fields in heterostructures; Nobel Physics 2000 shared with Alferov and Kilby; UC Santa Barbara,"[""Double heterostructure (1963): semiconductor laser using thin active layer sandwiched between wider-bandgap cladding layers — enables carrier and photon confinement; practical semiconductor laser"", ""Quasi-electric fields: band discontinuities at heterointerface act as effective electric fields on carriers"", ""Heterostructure principle: by varying bandgap spatially, carrier and photon behavior can be engineered — semiconductor band engineering""]","[""A Proposed Class of Hetero-Junction Injection Lasers (1963, Proceedings of the IEEE)"", ""Nobel lecture (2000): Quasi-Electric Fields and Band Offsets""]","semiconductor physics, photonics, optoelectronics, solar cells","Semiconductor lasers (fiber optics communications, Trunk 8); LED technology (lighting); solar cells","Zhores Alferov (independent heterostructure), Jack Kilby (IC Nobel shared), Robert Noyce (IC)",Kroemer and Alferov independently proposed and demonstrated heterostructure lasers; Russian-American priority contest during Cold War,SRC_094,B,E2
PION_227,Zhores Alferov,1930,2019,Russia/USSR,"semiconductor physics, heterostructures","Independent development and practical demonstration of double heterostructure semiconductor lasers and LEDs in USSR (1960s); first continuous-wave semiconductor laser at room temperature; Nobel Physics 2000 shared with Kroemer and Kilby; Ioffe Institute, Leningrad","[""Double heterostructure demonstration: first practical room-temperature continuous-wave semiconductor laser (1970) — simultaneous with Hayashi at Bell Labs"", ""AlGaAs/GaAs system: developed high-quality III-V semiconductor heterostructures in Soviet system with limited resources"", ""Applications: semiconductor laser communications; LEDs; solar concentrators""]","[""Double Heterostructure Lasers: Present Status and Future Developments (1976, Soviet Physics - Semiconductors)"", ""Nobel lecture (2000): The Double Heterostructure Concept and Its Application""]","semiconductor lasers, optoelectronics, solar cells, heterostructure physics",Fiber-optic communications revolution; LED lighting; photovoltaic technology,"Herbert Kroemer (independent development), Izuo Hayashi (Bell Labs parallel), Jack Kilby",Cold War priority dispute with American groups; Soviet scientific isolation meant contributions less recognized in West,SRC_094,B,E2
PION_228,Gerd Binnig,1947,,Germany,"surface science, nanotechnology, scanning probe microscopy","Scanning tunneling microscope (STM, 1981, with Rohrer) — first atomic-resolution surface imaging; atomic force microscope (AFM, 1986, with Quate and Gerber); Nobel Physics 1986; IBM Zurich","[""STM principle (1981): quantum tunneling current between sharp tip and conducting surface depends exponentially on distance; scanning tip maps surface atom by atom"", ""IBM atom logo (1989, with Eigler): STM used to position xenon atoms spelling IBM — first proof of precise atomic manipulation"", ""AFM (1986): measures forces between tip and surface; works on insulators unlike STM; now ubiquitous in materials characterization""]","[""Surface Studies by Scanning Tunneling Microscopy (1982, Physical Review Letters 49, with Rohrer)"", ""Atomic Force Microscope (1986, Physical Review Letters, with Quate and Gerber)""]","surface science, nanotechnology, materials characterization, biology (AFM)",Nanotechnology (CON_006) enabled by STM/AFM; biological imaging by AFM (Trunk 5),"Heinrich Rohrer (co-inventor), Christoph Gerber (AFM co-inventor), Don Eigler (atomic manipulation)",Initial STM results doubted by community; room-temperature operation of STM in first demonstration unexpected,SRC_095,B,E2
PION_229,Heinrich Rohrer,1933,2013,Switzerland,"surface science, nanotechnology, scanning probe microscopy","Scanning tunneling microscope (STM, 1981, with Binnig) — first atomic-resolution surface imaging; Nobel Physics 1986; IBM Zurich; first to image Si(111) 7×7 surface reconstruction","[""STM co-invention: conceptual basis of STM; realized that tunneling current could map surface topography at atomic scale"", ""Si(111) 7×7 reconstruction: first STM image showing atomic structure of semiconductor surface — long-standing puzzle solved"", ""Nanotechnology vision: Rohrer articulated vision of nanotechnology and positioned STM as foundational tool""]","[""Surface Studies by Scanning Tunneling Microscopy (1982, Physical Review Letters 49, with Binnig)"", ""Nobel lecture (1986): Scanning Tunneling Microscopy — From Birth to Adolescence""]","surface science, nanotechnology, semiconductor surface physics",Enabled surface science revolution (CON_005); nanotechnology (CON_006),"Gerd Binnig (co-inventor), Christoph Gerber (IBM Zurich), Gerhard Ertl (surface chemistry)",Initial doubts about STM practicality; Nobel shared only with Binnig and Ernst Ruska (electron microscope — unrelated),SRC_095,B,E2
PION_230,Richard Smalley,1943,2005,USA,"nanotechnology, nanomaterials, fullerene chemistry","Buckminsterfullerene discovery (1985, with Curl and Kroto) — soccer-ball-shaped C60 carbon cage; opened fullerene chemistry and carbon nanomaterials field; Nobel Chemistry 1996; Rice University; later advocate for nanotechnology and energy solutions","[""C60 buckminsterfullerene (1985): 60-carbon truncated icosahedral cage structure; stable and symmetric; discovered in laser ablation of graphite"", ""Fullerene chemistry: C60 and higher fullerenes react with metals, form endohedral compounds; potential drug delivery vehicles"", ""Carbon nanotubes connection: fullerene research led conceptually to single-walled carbon nanotubes""]","[""C60: Buckminsterfullerene (1985, Nature 318, with Kroto, Heath, O'Brien, Curl)""]","nanomaterials, fullerene chemistry, carbon science, nanotechnology",Drug delivery applications (Trunk 4/Medicine via nanotechnology); energy technology advocacy,"Robert Curl (Nobel shared), Harold Kroto (Nobel shared), Sumio Iijima (carbon nanotubes)",Debate over mechanism of C60 formation; Kroto-Smalley collaboration became strained; Smalley vs Drexler debate on molecular nanotechnology feasibility,SRC_095,B,E2
PION_231,Robert Curl,1933,2022,USA,"nanotechnology, fullerene chemistry, spectroscopy","Buckminsterfullerene co-discovery (1985, with Smalley and Kroto); brought Kroto and Smalley together; laser spectroscopy; Nobel Chemistry 1996; Rice University professor","[""C60 co-discovery: provided expertise in laser ablation and molecular spectroscopy for the discovery experiment"", ""Facilitator role: arranged collaboration between Smalley (laser ablation expertise) and Kroto (interstellar carbon molecules interest)"", ""Spectroscopic analysis: mass spectrometry data interpretation confirming C60 structure""]","[""C60: Buckminsterfullerene (1985, Nature 318)""]","fullerene chemistry, carbon nanomaterials, spectroscopy",Carbon nanomaterials (CON_006); spectroscopic methods for nanomaterials,"Richard Smalley (co-discoverer), Harold Kroto (co-discoverer), James Heath (graduate student)",Relative credit among three Nobel laureates contested; Curl often seen as less prominent despite key facilitating role,SRC_095,B,E2
PION_232,Harold Kroto,1939,2016,UK,"nanotechnology, fullerene chemistry, astrochemistry","Buckminsterfullerene co-discovery (1985, with Curl and Smalley); interest in carbon chains in interstellar medium led to collaboration; Nobel Chemistry 1996; Sussex University; later science education advocate","[""Interstellar carbon motivation: Kroto studying long carbon chains in space; sought to create them in lab, leading to C60 discovery"", ""C60 structure proposal: icosahedral cage structure with hexagonal and pentagonal faces — like a soccer ball or Buckminster Fuller geodesic dome"", ""Buckminster Fuller connection: named after R. Buckminster Fuller whose geodesic domes have similar topology""]","[""C60: Buckminsterfullerene (1985, Nature 318)""]","fullerene chemistry, astrochemistry, nanomaterials, carbon science",Astrochemistry (CON_012 / Trunk 6); science communication and education,"Richard Smalley (co-discoverer), Robert Curl (co-discoverer), Sumio Iijima",Post-Nobel relationship with Smalley became adversarial; Drexler vs Smalley nanotechnology debate (Kroto sided with Smalley); science education advocacy over late career,SRC_095,B,E2
PION_233,Sumio Iijima,1939,,Japan,"nanotechnology, carbon nanomaterials, electron microscopy",Carbon nanotube discovery (1991) — helical tubular graphitic carbon structures with remarkable mechanical (100x stronger than steel) and electronic properties; multi-walled (1991) then single-walled with Bethune (1993); NEC Corporation; most cited paper without Nobel Prize,"[""Multi-walled carbon nanotubes (1991): concentric cylindrical graphene sheets; diameter 4-30 nm; helical structure; discovered by HRTEM electron microscopy"", ""Single-walled nanotubes (1993): single graphene sheet rolled into tube; electronic properties (metallic or semiconducting) depend on chirality"", ""Nanotube properties: Young modulus ~1 TPa (stiffest known); conductance quantized; potential for transistors, composites, sensors""]","[""Helical Microtubules of Graphitic Carbon (1991, Nature 354)""]","nanomaterials, carbon science, nanotechnology, composites",Structural composites (Trunk 8); electronics (nanotransistors); energy storage,"Richard Smalley (fullerenes), Millie Dresselhaus (carbon nanotubes theory), Don Bethune (single-walled CNTs)","Earlier Russian observations of similar structures disputed; Nobel Prize question (Kroto, Curl, Smalley received it for C60, not Iijima for CNTs); single-walled CNT simultaneous discovery with IBM",SRC_095,B,E2
PION_234,Don Eigler,1953,,USA,"nanotechnology, surface science, scanning probe microscopy","First manipulation of individual atoms using STM (1989, IBM Almaden) — spelled ""IBM"" using 35 xenon atoms on nickel surface at 4K; quantum corral (1993) — circular atom arrangement creating quantum electron standing waves; proved atom-by-atom construction possible","[""Individual atom manipulation (1989): first controlled repositioning of individual atoms using STM; xenon on Ni(110) at 4K"", ""IBM logo (1990, published 1990): spelled IBM with 35 Xe atoms — landmark demonstration of atomic-scale control"", ""Quantum corral (1993): 48 iron atoms arranged in circle on Cu(111); electron standing waves visualized inside corral by STM""]","[""Positioning Single Atoms with a Scanning Tunnelling Microscope (1990, Nature 344)""]","nanotechnology, surface science, quantum phenomena visualization",Demonstrated fundamental limit of information storage; quantum computing conceptual visualization,"Gerd Binnig and Heinrich Rohrer (STM inventors), Gerhard Ertl (surface science)",Low temperature requirement (4K) limits practical atom manipulation; debate over practical path to molecular machines from this approach,SRC_095,B,E2
PION_235,Walter Kohn,1923,2016,Austria/USA,"computational chemistry, condensed matter physics, DFT","Density functional theory: Hohenberg-Kohn theorem (1964) and Kohn-Sham equations (1965); DFT reduces many-electron problem from 3N to 3 dimensions; Nobel Chemistry 1998; UCSB; also contributed to solid state physics (shallow impurity states, localization)","[""Hohenberg-Kohn theorem (1964): ground state of many-electron system uniquely determined by electron density n(r) — basis of DFT"", ""Kohn-Sham equations (1965): practical DFT scheme using fictitious non-interacting electron system with same density as real system; exchange-correlation functional"", ""Exchange-correlation approximations: local density approximation (LDA) makes DFT computationally tractable"", ""DFT dominance: now most widely used quantum mechanical method in chemistry and materials science""]","[""Inhomogeneous Electron Gas (1964, Physical Review 136, with Hohenberg)"", ""Self-Consistent Equations Including Exchange and Correlation Effects (1965, Physical Review 140, with Sham)""]","computational chemistry, materials science, condensed matter, biochemistry",DFT used in drug design (Trunk 4/biochemistry); materials discovery (CON_003); surface catalysis (CON_005),"Lu Jeu Sham (co-developer), John Pople (Nobel shared 1998), Pierre Hohenberg (co-author)",DFT Nobel Chemistry (not Physics) debated since Kohn primarily physicists application; exchange-correlation functional approximations remain active research area,"SRC_097, SRC_098",A,E2
PION_236,John Pople,1925,2004,UK/USA,"computational chemistry, quantum chemistry","Gaussian software package (1970s) making quantum chemistry calculations accessible to non-specialists; Hartree-Fock implementation; basis set development; approximation methods (CNDO, INDO semi-empirical); Nobel Chemistry 1998 shared with Kohn","[""GAUSSIAN software (1970s onward): code implementing HF and post-HF quantum chemistry calculations; democratized computational chemistry"", ""Gaussian basis sets: mathematical basis functions for molecular orbital calculations; Pople basis sets (STO-3G, 6-31G*, etc.) widely used"", ""Semi-empirical methods (CNDO, INDO, 1965-1970): parameterized quantum chemistry for larger molecules"", ""Post-HF electron correlation: MP2, CISD methods implemented; hierarchy of approximations""]","[""Approximate Self-Consistent Molecular Orbital Theory (1965, Journal of Chemical Physics, CNDO)"", ""GAUSSIAN 70 (1970, first release)""]","computational chemistry, organic chemistry, biochemistry, drug design",Drug design via molecular orbital calculations (Trunk 4); biochemistry simulations (Trunk 5),"Walter Kohn (Nobel shared), Axel Becke (DFT functionals), Martin Head-Gordon (post-HF methods)",Pople withdrew from authorship of highly cited papers involving others as scientific community grew; GAUSSIAN software commercial licensing criticized; ethics concerns regarding authorship practices,SRC_098,B,E2
PION_237,Robert S. Mulliken,1896,1986,USA,"quantum chemistry, molecular orbital theory","Molecular orbital (MO) theory (1920s-1930s) — electrons belong to whole molecule, not individual atoms; Mulliken charges (population analysis); electronic spectra of molecules; Nobel Chemistry 1966; Chicago","[""Molecular orbital theory (MO): electrons occupy orbitals delocalized over entire molecule — contrast to valence bond (VB) theory; correct quantum mechanical framework"", ""LCAO approximation: molecular orbitals as linear combinations of atomic orbitals (LCAO-MO); basis for all quantum chemistry"", ""Mulliken population analysis: partitioning electron density among atoms; Mulliken charges widely used"", ""Electronic spectra: MO theory explains UV-visible absorption of molecules; band assignments""]","[""Electronic States and Band Spectrum Structure in Diatomic Molecules (1928, Physical Review)"", ""Nobel lecture: Spectroscopy, Molecular Orbitals, and Chemical Bonding (1966)""]","quantum chemistry, spectroscopy, computational chemistry, biochemistry",Biochemistry (Trunk 5) — electronic structure of biomolecules; pharmaceutical chemistry (HOMO/LUMO drug binding),"Linus Pauling (valence bond rival), John Lennard-Jones (MO theory parallel), Friedrich Hund (MO co-originator)",MO vs valence bond (VB) theory rivalry with Pauling throughout career; both approaches now understood as limiting cases; delayed Nobel (1966 for 1930s work),SRC_098,B,E2
PION_238,Axel D. Becke,1953,,Canada,"computational chemistry, DFT, exchange-correlation functionals","B3LYP exchange-correlation functional (1993) — most widely cited paper in all of scientific literature (~100,000 citations); DFT functional development; exchange energy functional (Becke 1988); Queen's University and Dalhousie; transformed DFT from physics tool to routine chemistry tool","[""B3LYP functional (1993): hybrid exchange-correlation functional mixing exact HF exchange with DFT; first functional accurate enough for organic chemistry bond energies"", ""Becke-88 exchange (1988): improved exchange energy functional based on inhomogeneity correction"", ""Hybrid functionals: mixing exact exchange with DFT correlation — generalization producing \""Jacob's ladder\"" of functional accuracy""]","[""Density-functional exchange-energy approximation with correct asymptotic behavior (1988, Physical Review A 38)"", ""A new mixing of Hartree-Fock and local density-functional theories (1993, Journal of Chemical Physics)""]","computational chemistry, organic chemistry, biochemistry, materials chemistry",Drug design (most widely used method for molecular energetics); catalysis design,"Walter Kohn (DFT founder), John Pople (Gaussian code), Lee and Yang and Parr (LYP correlation)",B3LYP overused even where inappropriate; debate over systematic improvement of functionals vs empirical parameterization,SRC_098,B,E2
PION_239,Gerhard Ertl,1936,,Germany,"surface science, heterogeneous catalysis, surface chemistry",Surface chemistry of heterogeneous catalysis; molecular mechanism of Haber-Bosch process (N2 dissociation on iron at atomic level); CO oxidation on platinum mechanism; Nobel Chemistry 2007; Fritz Haber Institute Berlin,"[""Haber-Bosch mechanism (1970s-1980s): N2 adsorption and dissociation on Fe(111) surface resolved step by step using LEED, Auger, thermal desorption"", ""CO oxidation on Pt: Langmuir-Hinshelwood mechanism confirmed; oscillatory reaction kinetics on Pt(110)"", ""Surface reaction dynamics: real-time imaging of surface chemical reactions using PEEM and other techniques"", ""Langmuir-Hinshelwood mechanism: reactants adsorb on surface then react; general framework for heterogeneous catalysis""]","[""Elementary Steps in the Catalytic Synthesis of Ammonia (1980s, multiple papers in Surface Science and Journal of Catalysis)"", ""Nobel lecture: Reactions at Surfaces (2007)""]","surface science, heterogeneous catalysis, chemical engineering, environmental catalysis",Industrial catalysis (Trunk 8) — Haber-Bosch understanding; automotive catalysts (three-way catalyst); environmental chemistry,"Gabor Somorjai (surface chemistry, Berkeley), Klaus Christmann (surface chemistry), Binnig and Rohrer (STM enabled surface work)",Ertl exclusively studied well-defined single crystal surfaces; debate over relevance to industrial supported catalysts,SRC_098,B,E2
PION_240,Peter Shor,1959,,USA,"quantum computing, quantum algorithms, cryptography",Shor's algorithm (1994) — quantum algorithm for integer factoring with exponential speedup over best classical algorithms; threatens RSA and public-key cryptography; quantum error correction (1995); Bell Labs and MIT; established quantum computing's strategic importance,"[""Shor's algorithm (1994): factoring N-digit integer using quantum Fourier transform in O(N^3) operations vs classical O(exp(N^1/3)) — exponential speedup"", ""Quantum error correction (1995): first quantum error correcting code; showed quantum computation is fault-tolerant in principle"", ""Post-quantum cryptography driver: Shor's algorithm created urgency for NIST post-quantum cryptography competition (2016-2022)""]","[""Algorithms for Quantum Computation: Discrete Logarithms and Factoring (1994, Proceedings 35th FOCS)"", ""Scheme for Reducing Decoherence in Quantum Computer Memory (1995, Physical Review A)""]","quantum computing, cryptography, computer science, number theory",Cryptography and internet security (Computer Science); drove NIST post-quantum standards,"Lov Grover (Grover search algorithm), David Deutsch (first quantum algorithm), Peter Shor (Bell Labs then MIT)",Practical quantum computer to implement Shor's algorithm for cryptographically relevant sizes still decades away per most estimates; threat real but timeline uncertain,"SRC_103, SRC_104",A,E2
PION_241,David Wineland,1944,,USA,"quantum computing, atomic physics, precision measurement",Laser cooling of trapped ions to near absolute zero; quantum state manipulation of individual ions; first quantum logic operations using ions; atomic clock with optical lattice trap; Nobel Physics 2012 shared with Serge Haroche; NIST Boulder,"[""Trapped ion quantum computing: individual ions in electromagnetic trap manipulated by laser pulses; long coherence times"", ""First quantum logic gate (1995): CNOT gate demonstrated with two trapped 9Be+ ions at NIST"", ""Laser cooling: Doppler cooling and sideband cooling of trapped ions to motional ground state"", ""Optical atomic clocks: single-ion clocks (Al+, Hg+) most precise timekeeping devices; frequency uncertainty 10^-18""]","[""Demonstration of a Fundamental Quantum Logic Gate (1995, Physical Review Letters, with Monroe et al.)""]","quantum computing, atomic physics, precision measurement, metrology","Atomic clocks (GPS, gravitational wave detection); quantum simulation","Serge Haroche (Nobel shared, cavity QED approach), Rainer Blatt (trapped ion QC), Chris Monroe (NIST then IQM)",Trapped ion vs superconducting qubit platform competition; scaling trapped ion systems to many qubits challenging,SRC_103,B,E2
PION_242,John Preskill,1953,,USA,"quantum computing, quantum information theory","Quantum information theory; coined ""quantum supremacy"" (2012) and ""NISQ"" (noisy intermediate-scale quantum, 2018); quantum error correction theory; organized quantum computing community; Caltech lecture notes widely used; organized Google/Caltech quantum computing collaborations","[""NISQ era (2018): quantum computers with 50-1000 qubits but too noisy for error correction — current phase of quantum computing"", ""Quantum supremacy (2012): point at which quantum computer solves problem infeasible for any classical computer in reasonable time"", ""Topological quantum computing: use of non-Abelian anyons (topological states) for inherently fault-tolerant computation"", ""Quantum error correction threshold theorem: if physical error rate below threshold, logical error rate arbitrarily reducible""]","[""Quantum Computing in the NISQ Era and Beyond (2018, Quantum 2: 79)"", ""Lecture Notes on Quantum Computation (ongoing, Caltech, widely used)""]","quantum computing, quantum information, topological quantum matter",Quantum cryptography and communication; condensed matter (topological quantum computing connection),"Peter Shor (Bell Labs then MIT), Alexei Kitaev (topological QC), John Martinis (Google Quantum AI)","Google ""quantum supremacy"" paper (2019) co-led by his group; IBM disputed supremacy claim; NISQ timeline optimism debated",SRC_104,B,E2
PION_243,Alain Aspect,1947,,France,"quantum optics, quantum entanglement, atomic physics",First definitive experimental tests of Bell inequalities with correlated photons (1982) — loophole-free violated inequalities; confirmed quantum non-locality and entanglement; Nobel Physics 2022 shared with Clauser and Zeilinger; Institut d'Optique,"[""Bell test (1982): photon polarization correlations from Ca cascade violate Bell inequality by 40+ standard deviations — experiment free of locality and detection loopholes (via fast switching)"", ""Quantum non-locality confirmed: results inconsistent with any local hidden variable theory; quantum mechanics genuinely non-local"", ""Entanglement reality: spooky action at a distance (Einstein) confirmed real; basis for quantum cryptography""]","[""Experimental Tests of Bell's Inequalities Using Time-Varying Analyzers (1982, Physical Review Letters 49)""]","quantum optics, quantum information, quantum foundations, quantum cryptography",Quantum cryptography (QKD protocols); quantum communication; quantum computing foundations,"John Clauser (Nobel shared, first Bell test 1972), Anton Zeilinger (Nobel shared, teleportation), Nicolas Gisin (quantum cryptography)","Earlier Bell tests (Clauser 1972, Freedman-Clauser 1972) had loopholes Aspect closed; 2015 loophole-free Bell test by Delft group further closed remaining loopholes",SRC_103,B,E2
PION_244,John Clauser,1942,,USA,"quantum optics, quantum entanglement, quantum foundations","First experimental test of Bell inequalities (1972, with Freedman) — confirmed quantum mechanics vs local hidden variables; CHSH inequality (Clauser-Horne-Shimony-Holt, 1969); Nobel Physics 2022; worked on quantum foundations when it was unfashionable","[""CHSH inequality (1969): generalized Bell inequality testable with real imperfect experiments; with Horne, Shimony, Holt"", ""First Bell test (1972): Ca atomic cascade photon correlations violate CHSH inequality — quantum mechanics wins over local hidden variables"", ""Hidden variable theories: systematic experimental exclusion of all local realistic hidden variable theories""]","[""Proposed Experiment to Test Local Hidden-Variable Theories (1969, Physical Review Letters, CHSH)"", ""Experimental Test of Local Hidden-Variable Theories (1972, Physical Review Letters, with Freedman)""]","quantum foundations, quantum optics, quantum information, quantum cryptography",Quantum cryptography protocols; quantum teleportation; quantum key distribution,"Alain Aspect (Nobel shared), Anton Zeilinger (Nobel shared), John Bell (theoretical framework)",Worked on quantum foundations when most physicists considered it philosophy not physics; struggled for academic positions; Nobel came 50 years after work,SRC_103,B,E2
PION_245,Anton Zeilinger,1945,,Austria,"quantum optics, quantum information, quantum teleportation",Quantum teleportation (1997) — first teleportation of quantum state; quantum cryptography experiments; entanglement swapping; loophole-free Bell tests; Nobel Physics 2022; Vienna; Institute for Quantum Optics and Quantum Information,"[""Quantum teleportation (1997): quantum state of photon transmitted to distant photon using entanglement and classical communication — first quantum teleportation"", ""Entanglement swapping: two photons that never interacted can become entangled via entanglement with common partner — quantum network element"", ""Satellite quantum teleportation: demonstration of quantum communication over 1200 km (Chinese satellite Micius, 2017)""]","[""Experimental Quantum Teleportation (1997, Nature 390)""]","quantum information, quantum cryptography, quantum networks, quantum optics",Quantum internet foundations; quantum cryptography (QKD); quantum satellite communications,"Alain Aspect (Nobel shared), John Clauser (Nobel shared), Nicolas Gisin (Geneva quantum group)",Quantum teleportation does not allow faster-than-light communication despite name; media misrepresentation common,SRC_103,B,E2
PION_246,Kai Siegbahn,1918,2007,Sweden,"surface science, electron spectroscopy, X-ray physics",X-ray photoelectron spectroscopy (XPS / ESCA — electron spectroscopy for chemical analysis) — analytical surface technique determining element composition and chemical state; Nobel Physics 1981; Uppsala University; son of Manne Siegbahn (1924 Nobel X-rays),"[""XPS/ESCA development (1960s): bombard surface with X-rays; measure kinetic energy of emitted electrons; determine element composition and chemical state from binding energies"", ""Chemical shifts: XPS binding energies shift depending on chemical environment of atom — identifies oxidation state, bonding"", ""Surface sensitivity: XPS samples only top 1-10 nm — surface analytical technique par excellence""]","[""ESCA: Atomic, Molecular and Solid State Structure Studied by Means of Electron Spectroscopy (1967, Almqvist and Wiksell)""]","surface science, analytical chemistry, materials characterization","Industrial quality control (Trunk 8 — semiconductor, thin film characterization); catalysis characterization","Gerhard Ertl (surface science), Gerd Binnig and Heinrich Rohrer (STM), Gabor Somorjai",Father Manne Siegbahn (1924 Nobel for X-ray spectroscopy); unusual family Nobel tradition; XPS Nobel 1981 vs Binnig-Rohrer STM Nobel 1986,SRC_090,B,E2
PION_247,Kenneth Wilson,1936,2013,USA,"condensed matter physics, quantum field theory, renormalization group",Renormalization group (1971-1974) — explains universal behavior near critical points; critical phenomena and second-order phase transitions; numerical lattice gauge theory; Nobel Physics 1982; Cornell and Ohio State,"[""Renormalization group for critical phenomena (1971-1974): systematic procedure for integrating out short-wavelength fluctuations; explains why different systems share same critical exponents near phase transitions"", ""Universality classes: systems with same symmetry and dimensionality have same critical exponents regardless of microscopic details"", ""Numerical lattice QCD: first numerical methods for calculating QCD properties from first principles; lattice regularization"", ""Kondo problem: applied RG to explain resistance minimum in metals with magnetic impurities""]","[""Renormalization Group and Critical Phenomena I, II (1971, Physical Review B 4)""]","condensed matter, particle physics, critical phenomena, lattice QCD","QCD calculations (particle physics, CON_001); statistical mechanics phase transition universal behavior","Leo Kadanoff (block spin RG), Michael Fisher (critical phenomena), Franz Wegner",Wilson vs Kadanoff credit for renormalization group approach; Wilson more formal mathematical; Kadanoff physical block spin picture came first,SRC_091,B,E2
PION_248,Leo Kadanoff,1937,2015,USA,"condensed matter physics, critical phenomena, statistical mechanics",Block spin renormalization (1966) — physical picture of renormalization group; scaling hypothesis for critical phenomena; critical exponent scaling laws; connections to phase transition universality; Chicago and Brown,"[""Block spin picture (1966): group nearby spins into blocks; integrate out short-wavelength fluctuations to get effective theory at longer wavelengths — physical basis for Wilson RG"", ""Scaling hypothesis: near critical point, free energy has scaling form depending only on relevant variables"", ""Scaling laws: derives relations among critical exponents from scaling hypothesis"", ""Applications to turbulence: Kadanoff contributions to complexity and non-equilibrium phenomena""]","[""Scaling Laws for Ising Models Near Tc (1966, Physics 2: 263)""]","condensed matter, statistical mechanics, critical phenomena, turbulence",Statistical physics of complex systems; connections to information theory via entropy scaling,"Kenneth Wilson (renormalization group), Michael Fisher (critical phenomena), B. Widom (scaling hypothesis)",Kadanoff block spin picture vs Wilson formal RG — which deserves Nobel; Wilson received it alone (1982),SRC_091,B,E2
PION_249,Martin Karplus,1930,,Austria/USA,"theoretical chemistry, molecular dynamics, biochemistry","Molecular dynamics simulations of biomolecules — CHARMM force field and simulation package (1983); first MD simulation of a protein (BPTI, 1977); multiscale QM/MM methods; Karplus equation (NMR coupling constants); Nobel Chemistry 2013 shared with Levitt and Warshel; Harvard","[""Protein MD simulation (1977): first molecular dynamics of folded protein (bovine pancreatic trypsin inhibitor); 9.2 ps trajectory; revealed internal flexibility"", ""CHARMM force field: parameterized force field for proteins, nucleic acids, lipids; CHARMM software package widely used"", ""QM/MM multiscale method: quantum mechanics for active site, molecular mechanics for environment; enables enzyme mechanism calculation"", ""Karplus equation: relation between vicinal NMR coupling constant and dihedral angle — structural chemistry tool""]","[""Dynamics of Folded Proteins (1977, Nature, with McCammon and Gelin)"", ""CHARMM: A Program for Macromolecular Energy, Minimization, and Dynamics Calculations (1983)""]","computational chemistry, structural biology, biochemistry, drug design",Drug design (Trunk 4); protein folding (Trunk 5 Biology); enzyme mechanisms,"Michael Levitt (Nobel shared), Arieh Warshel (Nobel shared), William Jorgensen (OPLS force field)",QM/MM Nobel Chemistry 2013 given for methods developed in 1970s-1980s; some felt Nobel should have recognized other computational biology contributions,SRC_098,B,E2
PION_250,Michael Levitt,1947,,UK/South Africa/USA,"computational chemistry, structural biology, protein folding",Multiscale molecular simulations including protein folding prediction (simplified models); QM/MM co-development; ENCAD force field; early protein structure prediction; Nobel Chemistry 2013 shared with Karplus and Warshel; Stanford,"[""Simplified protein models (1975): coarse-grained protein models enabling folding simulations at longer timescales than all-atom MD"", ""QM/MM method (1976): quantum mechanical treatment of chemically active region; molecular mechanics for protein environment — co-developed with Warshel"", ""ENCAD force field: energy refinement force field for protein structures"", ""Protein secondary structure prediction: early computational approaches to predicting alpha helices and beta sheets""]","[""Computer Simulation of Protein Folding (1975, Nature 253)""]","computational biology, protein folding, drug design, structural biology",Drug design (Trunk 4); structural biology (Trunk 5); protein engineering,"Martin Karplus (Nobel shared), Arieh Warshel (Nobel shared), David Baker (protein folding AI)","AlphaFold (AI protein folding, 2020) made many aspects of earlier computational methods obsolete; Nobel 2013 vs AI revolution timing",SRC_098,B,E2
PION_251,Chen-Ning Yang,1922,,China/USA,"particle physics, statistical mechanics, gauge theory","Parity non-conservation in weak interactions (1956, with Lee) — proposed experimental tests; Nobel Physics 1957 (fastest Nobel ever at that time: 1 year); Yang-Mills gauge theory (1954, with Mills) — mathematical framework for all modern particle physics (Standard Model gauge structure)","[""Parity violation (1956): showed existing evidence did not prove parity conservation in weak interactions; proposed experiments; Wu experiment confirmed"", ""Yang-Mills theory (1954): non-Abelian gauge theory with SU(2) local symmetry; mathematical framework generalized to Standard Model"", ""Lee-Yang lattice gas model: exact solution of 2D Ising model; connection between statistical mechanics and quantum field theory""]","[""Question of Parity Conservation in Weak Interactions (1956, Physical Review 104, with Lee)"", ""Conservation of Isotopic Spin and Isotopic Gauge Invariance (1954, Physical Review 96, with Mills)""]","particle physics, quantum field theory, Standard Model, mathematical physics",Standard Model mathematical foundation; gauge theory as unifying framework,"Tsung-Dao Lee (Nobel shared), Chien-Shiung Wu (parity violation experiment), Robert Mills (gauge theory co-author)",Yang-Mills theory initially rejected by Pauli at seminar (massless gauge bosons problem); now foundational; later Pauli acknowledged importance,SRC_100,B,E2
PION_252,Tsung-Dao Lee,1926,,China/USA,"particle physics, quantum field theory, statistical mechanics","Parity non-conservation in weak interactions (1956, with Yang) — proposed experimental tests; Nobel Physics 1957; Lee-Yang theorem on zeros of partition function; Lee model (quantum field theory renormalization); Columbia University","[""Parity violation (1956): theoretical analysis and proposed experimental tests showing parity need not be conserved in weak decay; overturned assumed symmetry"", ""Lee-Yang theorem: complex zeros of partition function determine phase transitions — mathematical foundation of modern statistical mechanics"", ""Lee model: soluble quantum field theory model used to study renormalization properties""]","[""Question of Parity Conservation in Weak Interactions (1956, Physical Review 104, with Yang)"", ""Statistical Theory of Equations of State and Phase Transitions I, II (1952, Physical Review, Lee-Yang)""]","particle physics, statistical mechanics, quantum field theory, mathematical physics",Weak force understanding; statistical mechanics partition function theory,"Chen-Ning Yang (Nobel shared), Chien-Shiung Wu (Wu experiment), Enrico Fermi (Columbia mentor)",Yang-Lee relationship later became strained; parity violation experiment credit to Wu not mentioned in Nobel,SRC_100,B,E2
PION_253,George Whitesides,1939,,USA,"nanotechnology, soft matter, self-assembly, bioanalytical chemistry","Soft lithography methods; self-assembled monolayers (SAMs) on gold; microfluidics and lab-on-a-chip; ""lab on paper"" low-cost diagnostics; named most cited chemist of late 20th century; Harvard; exceptionally broad contributions to materials chemistry, nanotechnology, and biology interfaces","[""Soft lithography (1993+): PDMS-based patterning techniques; microcontact printing; enables patterning without clean room; democratized nanofabrication"", ""Self-assembled monolayers (SAMs): ordered organic molecules self-assemble on gold surfaces via thiol-gold bond; controlled surface chemistry"", ""Microfluidics/lab-on-chip: control of fluids in microchannel networks; diagnostics, drug testing, cell biology"", ""Lab on paper: analytical chemistry on patterned paper; low-cost diagnostics for developing world""]","[""Soft Lithography (1998, Angewandte Chemie, Annual Review of Materials Science)"", ""Self-Assembled Monolayers of Thiolates on Metals (1996, Critical Reviews in Biochemistry)""]","nanotechnology, soft matter, materials chemistry, bioanalytical chemistry, diagnostics",Medical diagnostics (Trunk 4); microfluidics for biology (Trunk 5); materials fabrication (Trunk 8),"Chad Mirkin (DNA nanomaterials), Paul Alivisatos (quantum dots), Alex Zettl (carbon nanotubes Berkeley)",Whitesides published highly critical Whitesides-Crabtree essay on energy research priorities; unconventional leadership style; exceptionally high citation count relative to Nobel recognition,SRC_096,B,E2
